Time (s),Volume (m^3),Ar,He,Ne,N2,H2(1),O2(2),H(3),[O]O(4),OO(7),OH(D)(5),H2O(10),O2(S)(11),O(T)(6)
0.0,0.08314471999999999,0.0,0.0,0.0,0.0,0.67,0.33,0.0,0.0,0.0,0.0,0.0,0.0,0.0
1e-15,0.08314471999999999,0.0,0.0,0.0,0.0,0.67,0.33,3.226548157716931e-19,3.226549931445385e-19,1.874961758676145e-34,4.368324862472051e-35,1.1231113966995556e-46,8.219049288574882e-47,4.3683248618379974e-35
3.0000000000000002e-15,0.08314471999999999,0.0,0.0,0.0,0.0,0.67,0.33,7.967596222237974e-19,7.96760518161183e-19,9.413075124367412e-34,2.193077796780293e-34,9.489146596980596e-46,6.94425894138396e-46,2.1930777962445825e-34
7e-15,0.08314471999999999,0.0,0.0,0.0,0.0,0.67,0.33,2.0873769216867664e-18,2.0873824543631392e-18,5.7932544761912136e-33,1.3497244627096851e-33,1.4829667343626794e-44,1.0852509126738361e-44,1.3497244618724743e-33
1.5e-14,0.08314471999999999,0.0,0.0,0.0,0.0,0.67,0.33,4.6686057762947714e-18,4.6686320710849816e-18,2.749694868476406e-32,6.406296221413101e-33,1.4659613661406333e-43,1.0728062023789688e-43,6.406296213136997e-33
3.1e-14,0.08314471999999999,0.0,0.0,0.0,0.0,0.67,0.33,9.831040508341316e-18,9.831154281698125e-18,1.18903752111881e-31,2.770244310811362e-32,1.2861791319596456e-42,9.41239641099662e-43,2.7702443035502196e-32
6.300000000000001e-14,0.08314471999999999,0.0,0.0,0.0,0.0,0.67,0.33,2.0155818064574677e-17,2.015629061078409e-17,4.937167300890046e-31,1.1502714874501274e-31,1.0749819735951179e-41,7.866833024005206e-42,1.1502714813813017e-31
1.2700000000000001e-13,0.08314471999999999,0.0,0.0,0.0,0.0,0.67,0.33,4.080500555214746e-17,4.0806930893849776e-17,2.011353858955425e-30,4.686093945067091e-31,8.78577189008815e-41,6.429521809958165e-41,4.686093895466894e-31
2.55e-13,0.08314472000000002,0.0,0.0,0.0,0.0,0.67,0.32999999999999996,8.210191008007529e-17,8.210968190719812e-17,8.118782311807199e-30,1.8915307193460725e-30,7.103461354315505e-40,5.198388971843871e-40,1.8915306792433813e-30
5.11e-13,0.08314471999999999,0.0,0.0,0.0,0.0,0.6699999999999999,0.3299999999999999,1.6468983776589422e-16,1.647210653039287e-16,3.2623131963438185e-29,7.600604650694859e-30,5.7129488482196256e-39,4.180797051805597e-39,7.600604328169522e-30
1e-12,0.08314472000000002,0.0,0.0,0.0,0.0,0.6699999999999998,0.32999999999999974,3.2242321853773955e-16,3.2254418109209834e-16,1.2638666333009863e-28,2.9445824229737164e-29,4.4025086149620205e-38,3.2218028771255266e-38,2.944582174429453e-29
1.023e-12,0.08314472000000002,0.0,0.0,0.0,0.0,0.6699999999999998,0.32999999999999974,3.2984217100758093e-16,3.2996735422732923e-16,1.3079680897720128e-28,3.047330899521359e-29,4.582708851757974e-38,3.353675337155658e-38,3.047330640803865e-29
2.047e-12,0.08314472000000002,0.0,0.0,0.0,0.0,0.6699999999999995,0.3299999999999994,6.600527757650858e-16,6.60553993799952e-16,5.238601117164445e-28,1.22049990739984e-28,3.6715290036775963e-37,2.6868641812107578e-37,1.220499700123116e-28
4.095e-12,0.08314472000000002,0.0,0.0,0.0,0.0,0.6699999999999988,0.32999999999999874,1.3200979526060575e-15,1.3221033056190479e-15,2.097298560030624e-27,4.886327641110065e-28,2.9400383015950713e-36,2.1515514633612175e-36,4.886325981306672e-28
8.191e-12,0.08314472000000002,0.0,0.0,0.0,0.0,0.6699999999999975,0.3299999999999974,2.6386858874767904e-15,2.6467043480676996e-15,8.397003137042323e-27,1.9563495428238848e-27,2.3542271933026842e-35,1.7228486295062977e-35,1.9563482137405692e-27
1e-11,0.08314472000000002,0.0,0.0,0.0,0.0,0.6699999999999969,0.3299999999999968,3.21971669361873e-15,3.2330389862538967e-15,1.3970475892414846e-26,3.254866189488994e-27,5.999050342557262e-35,4.390169172474757e-35,3.254862802712148e-27
1.6383e-11,0.08314472000000002,0.0,0.0,0.0,0.0,0.6699999999999948,0.32999999999999474,5.2698657459150256e-15,5.301902444265225e-15,3.363630043500345e-26,7.836641621033157e-27,1.885969498694198e-34,1.3801726400649252e-34,7.836630973748956e-27
3.2767e-11,0.08314471999999999,0.0,0.0,0.0,0.0,0.6699999999999895,0.3299999999999894,1.0508350233165145e-14,1.0636173866274543e-14,1.3490203090069675e-25,3.142964735676889e-26,1.512534062752723e-33,1.1068885923588181e-33,3.1429561966174554e-26
6.5535e-11,0.08314471999999998,0.0,0.0,0.0,0.0,0.669999999999979,0.32999999999997864,2.089068095038992e-14,2.1399354967519866e-14,5.423862737762627e-25,1.2636542002970705e-25,1.2158525007809012e-32,8.897738486589178e-33,1.263647336141351e-25
9.8303e-11,0.08314471999999996,0.0,0.0,0.0,0.0,0.6699999999999684,0.32999999999996776,3.117922827913734e-14,3.225631945719333e-14,1.1566120198771564e-24,2.694672382559654e-25,3.486050941904162e-32,2.551129308564834e-32,2.694652701842294e-25
9.999999999999999e-11,0.08314471999999995,0.0,0.0,0.0,0.0,0.6699999999999678,0.3299999999999672,3.17072419514604e-14,3.2823396530590956e-14,1.1992203420702305e-24,2.7939404565803043e-25,3.6872517595248794e-32,2.6983702142917927e-32,2.793919639966503e-25
1.31071e-10,0.08314471999999995,0.0,0.0,0.0,0.0,0.6699999999999579,0.32999999999995683,4.137483936616284e-14,4.320622018853907e-14,1.97935185583629e-24,4.611476300950138e-25,7.371111868124376e-32,5.394258359160602e-32,4.611434686788723e-25
1.96607e-10,0.08314471999999985,0.0,0.0,0.0,0.0,0.6699999999999368,0.3299999999999347,6.155054382662567e-14,6.532153936470094e-14,4.119639914235874e-24,9.597844725933311e-25,2.021423798534701e-31,1.4792995009951986e-31,9.597730604473602e-25
2.62143e-10,0.08314471999999976,0.0,0.0,0.0,0.0,0.6699999999999157,0.3299999999999123,8.139141552807638e-14,8.77716912996889e-14,7.041208007724513e-24,1.6404352727495496e-24,4.2445256357304685e-31,3.1061891130465505e-31,1.64041130976965e-24
3.2767900000000004e-10,0.08314471999999963,0.0,0.0,0.0,0.0,0.6699999999998946,0.32999999999988955,1.0087903072219001e-13,1.1057509974181188e-13,1.0811356247828745e-23,2.518775937534151e-24,7.754663837053247e-31,5.674945617849398e-31,2.5187321574660603e-24
4.5875100000000005e-10,0.08314471999999926,0.0,0.0,0.0,0.0,0.6699999999998523,0.3299999999998428,1.3880845388896618e-13,1.5722772384687188e-13,2.1026347301920144e-23,4.898550308325121e-24,2.0670848787883235e-30,1.5127147031711916e-30,4.898433606796798e-24
7.208950000000001e-10,0.08314471999999822,0.0,0.0,0.0,0.0,0.6699999999997677,0.3299999999997456,2.1070418297436395e-13,2.544960893025162e-13,5.249676762157442e-23,1.2229967289927543e-23,8.161303569035191e-30,5.972528497618394e-30,1.222950651605759e-23
9.568246000000002e-10,0.08314471999999688,0.0,0.0,0.0,0.0,0.6699999999996915,0.3299999999996538,2.710816426197512e-13,3.4636631474096865e-13,9.382141385549261e-23,2.1856795589338036e-23,1.8894620323792653e-29,1.3827283093808477e-29,2.1855728814033448e-23
9.999999999999999e-10,0.08314471999999525,0.0,0.0,0.0,0.0,0.6699999999996775,0.3299999999996365,2.817168139204683e-13,3.635926525619991e-13,1.0277925346519856e-22,2.3943547298625143e-23,2.1604553366876165e-29,1.5810440672851702e-29,2.394232751903141e-23
1.1927542000000001e-09,0.08314471999999525,0.0,0.0,0.0,0.0,0.6699999999996153,0.32999999999955804,3.276346755873716e-13,4.4206096685411455e-13,1.4803696148376837e-22,3.44863456259886e-23,3.6517132788862295e-29,2.672362341585137e-29,3.448428386892902e-23
1.4286838e-09,0.08314471999999332,0.0,0.0,0.0,0.0,0.6699999999995392,0.3299999999994587,3.805935690804259e-13,5.413497584386379e-13,2.156238433896126e-22,5.023043387127045e-23,6.279473898787689e-29,4.5953851877472973e-29,5.022688843566867e-23
1.6646134e-09,0.0831447199999911,0.0,0.0,0.0,0.0,0.669999999999463,0.32999999999935603,4.301844462248204e-13,6.440065663685185e-13,2.9705471913704765e-22,6.919907363926698e-23,9.963513353168434e-29,7.291403902450598e-29,6.919344810216092e-23
2.1364726e-09,0.08314471999998593,0.0,0.0,0.0,0.0,0.6699999999993108,0.32999999999914137,5.200032179913777e-13,8.586831647402305e-13,5.029991643984299e-22,1.1717098561165327e-22,2.1217584008596826e-28,1.5527250480069928e-28,1.1715900561845175e-22
2.5611458800000002e-09,0.08314471999998047,0.0,0.0,0.0,0.0,0.6699999999991738,0.32999999999893864,5.912824338112292e-13,1.061449782032539e-12,7.397987868265829e-22,1.7232886160135638e-22,3.6941681611884084e-28,2.703430895547701e-28,1.7230800302828459e-22
2.9858191600000003e-09,0.08314471999997437,0.0,0.0,0.0,0.0,0.6699999999990368,0.3299999999987279,6.546204476077667e-13,1.2721576013359643e-12,1.0276704451896835e-21,2.3938178760442805e-22,5.930923096129519e-28,4.3403113976340895e-28,2.39348299024345e-22
3.4104924400000004e-09,0.08314471999996764,0.0,0.0,0.0,0.0,0.6699999999988998,0.32999999999851015,7.109227568134375e-13,1.4899011252176028e-12,1.3685095776153956e-21,3.1877124164325752e-22,8.966172965432278e-28,6.561538708660442e-28,3.187206140435172e-22
3.8351657200000005e-09,0.08314471999996041,0.0,0.0,0.0,0.0,0.6699999999987628,0.3299999999982861,7.609618586774668e-13,1.713907856427838e-12,1.763933184211978e-21,4.108739986022793e-22,1.2937483627776674e-27,9.467784916120047e-28,4.1080094609689326e-22
4.2598390000000006e-09,0.08314471999995272,0.0,0.0,0.0,0.0,0.6699999999986258,0.32999999999805657,8.054225884901332e-13,1.9434929596760477e-12,2.2153745480966325e-21,5.160241603493499e-22,1.7985546428515357e-27,1.3162009369547155e-27,5.159226025435138e-22
4.684512280000001e-09,0.08314471999994459,0.0,0.0,0.0,0.0,0.6699999999984888,0.329999999997822,8.44922467663601e-13,2.1780389135497573e-12,2.72412585987742e-21,6.345230690977037e-22,2.4254370983690052e-27,1.7749599762988715e-27,6.343861123717598e-22
5.109185560000001e-09,0.08314471999993614,0.0,0.0,0.0,0.0,0.6699999999983518,0.3299999999975831,8.800171933512006e-13,2.4169900208953543e-12,3.291349816077602e-21,7.66641995106328e-22,3.189114479851765e-27,2.3338269402626133e-27,7.664619146956869e-22
5.958532120000001e-09,0.08314471999991825,0.0,0.0,0.0,0.0,0.6699999999980778,0.32999999999709384,9.389161488676477e-13,2.9061827314023957e-12,4.6052428700513705e-21,1.0726801470841882e-21,5.187050252670243e-27,3.795936854729746e-27,1.072387245993244e-21
6.807878680000001e-09,0.08314471999989932,0.0,0.0,0.0,0.0,0.6699999999978038,0.32999999999659224,9.85438470349771e-13,3.407752075885211e-12,6.163995995384646e-21,1.4357608443700458e-21,7.91522958504765e-27,5.792446454595153e-27,1.4353138870853934e-21
7.65722524e-09,0.0831447199998796,0.0,0.0,0.0,0.0,0.6699999999975298,0.329999999996081,1.0221808493363728e-12,3.919101362803695e-12,7.973038589119972e-21,1.8571549549414956e-21,1.1499721190504479e-26,8.415614108098683e-27,1.8565055884617144e-21
8.5065718e-09,0.08314471999985923,0.0,0.0,0.0,0.0,0.6699999999972558,0.32999999999556184,1.0511884322905861e-12,4.438185445693699e-12,1.0036644902959241e-20,2.337865048568438e-21,1.6069047585900608e-26,1.1759493906527688e-26,2.336957664674666e-21
9.35591836e-09,0.08314471999983836,0.0,0.0,0.0,0.0,0.6699999999969818,0.32999999999503665,1.0740839257584124e-12,4.963381618008414e-12,1.2358204610096539e-20,2.8786882003578964e-21,2.1753646971220727e-26,1.591954186272181e-26,2.877459828356721e-21
9.999999999999999e-09,0.08314471999981707,0.0,0.0,0.0,0.0,0.6699999999967741,0.32999999999463514,1.0881732726652034e-12,5.364924470674296e-12,1.4292353778725634e-20,3.3292802577008657e-21,2.6888811734970494e-26,1.9677507936992424e-26,3.327761927513911e-21
1.020526492e-08,0.08314471999981707,0.0,0.0,0.0,0.0,0.6699999999967078,0.32999999999450663,1.0921554328978072e-12,5.493401776589239e-12,1.4940406922532192e-20,3.4802587216956845e-21,2.8685492997290514e-26,2.0992337653289422e-26,3.478638942688474e-21
1.1054611480000001e-08,0.08314471999979547,0.0,0.0,0.0,0.0,0.6699999999964338,0.3299999999939728,1.1064161197643723e-12,6.027232755380078e-12,1.7785365648406275e-20,4.143077185338117e-21,3.6997821038889585e-26,2.7075384302381217e-26,4.140988061982344e-21
1.1903958040000001e-08,0.08314471999977363,0.0,0.0,0.0,0.0,0.6699999999961598,0.3299999999934359,1.1176694182636417e-12,6.564071122475003e-12,2.0894755744148713e-20,4.867542142216634e-21,4.6824825879850307e-26,3.426688694464646e-26,4.86489816559401e-21
1.3602651160000001e-08,0.08314471999972937,0.0,0.0,0.0,0.0,0.6699999999956117,0.3299999999923556,1.1335288721603127e-12,7.644394999575916e-12,2.7911775489819716e-20,6.502597759873113e-21,7.156350062805889e-26,5.237090228955057e-26,6.4985570512482025e-21
1.509604608702724e-08,0.08314471999969006,0.0,0.0,0.0,0.0,0.6699999999951298,0.32999999999140084,1.142438955640627e-12,8.599187309406505e-12,3.49646477708682e-20,8.14619077816698e-21,9.96244858487989e-26,7.290621874505506e-26,8.140565860123098e-21
1.6589441014054476e-08,0.08314471999965053,0.0,0.0,0.0,0.0,0.669999999994648,0.32999999999044305,1.148327567310502e-12,9.557001090849041e-12,4.28480782445749e-20,9.983535065222215e-21,1.343678745966826e-25,9.833178699029218e-26,9.975948799737844e-21
1.8082835941081713e-08,0.08314471999961075,0.0,0.0,0.0,0.0,0.6699999999941662,0.3299999999894833,1.1522372392489051e-12,1.051679381182406e-11,5.156422177414918e-20,1.201517976633933e-20,1.7653862098316563e-25,1.291927723162835e-25,1.2005213018764945e-20
1.957623086810895e-08,0.08314471999957092,0.0,0.0,0.0,0.0,0.6699999999936843,0.32999999998852214,1.1548314503952785e-12,1.1477901993391796e-11,6.111444218987108e-20,1.4241489639992062e-20,2.268835579397067e-25,1.6603571498885404e-25,1.4228681183317706e-20
2.1069625795136187e-08,0.08314471999953099,0.0,0.0,0.0,0.0,0.6699999999932025,0.32999999998756013,1.1565468832869924e-12,1.2439888953014676e-11,7.149963002585388e-20,1.66627191213668e-20,2.8615069677562126e-25,2.094080176609057e-25,1.6646565580051114e-20
2.2563020722163424e-08,0.08314471999949102,0.0,0.0,0.0,0.0,0.6699999999927206,0.32999999998659757,1.15767881030935e-12,1.3402459418307244e-11,8.27203812479731e-20,1.9279053856989252e-20,3.5508884144537237e-25,2.598576630860086e-25,1.9259009672539834e-20
2.405641564919066e-08,0.08314471999945101,0.0,0.0,0.0,0.0,0.6699999999922388,0.32999999998563456,1.1584289462499136e-12,1.4365411674481847e-11,9.477709689497881e-20,2.2090633982000858e-20,4.344473735360107e-25,3.1793305677211976e-25,2.2066111390680943e-20
2.55498105762179e-08,0.083144719999411,0.0,0.0,0.0,0.0,0.669999999991757,0.32999999998467144,1.1589293868693253e-12,1.532861362577777e-11,1.0767003315374915e-19,2.509756576490349e-20,5.249761498443305e-25,3.841829520258666e-25,2.506793478117863e-20
2.7043205503245136e-08,0.08314471999937095,0.0,0.0,0.0,0.0,0.6699999999912751,0.329999999983708,1.1592636975259173e-12,1.6291981706836657e-11,1.213993452070948e-19,2.8299931866063545e-20,6.274254085576011e-25,4.591563812952206e-25,2.8264520271327395e-20
3.0029995357299613e-08,0.08314471999929086,0.0,0.0,0.0,0.0,0.6699999999903115,0.32999999998178103,1.1596254167187582e-12,1.8219024770475047e-11,1.5136742097364412e-19,3.529122820844473e-20,8.710877751843019e-25,6.374710324142605e-25,3.5242069772928594e-20
3.301678521135409e-08,0.08314471999921076,0.0,0.0,0.0,0.0,0.6699999999893478,0.32999999997985374,1.159768406611138e-12,2.0146286562614162e-11,1.8468170518398384e-19,4.30649827780691e-20,1.1714414751507478e-24,8.572729999054076e-25,4.299888171669676e-20
3.600357506540856e-08,0.08314471999913065,0.0,0.0,0.0,0.0,0.6699999999883841,0.32999999997792645,1.1598315488049262e-12,2.207362820165203e-11,2.2134234003716424e-19,5.1621599180811484e-20,1.5344966034873913e-24,1.1229605378236811e-24,5.153502174954326e-20
3.8990364919463036e-08,0.08314471999905051,0.0,0.0,0.0,0.0,0.6699999999874204,0.32999999997599905,1.159879519244816e-12,2.400098501164389e-11,2.6134931356443477e-19,6.096144490804039e-20,1.9662661647379837e-24,1.438934030022356e-24,6.085051940285325e-20
4.197715477351751e-08,0.0831447199989704,0.0,0.0,0.0,0.0,0.6699999999864568,0.3299999999740717,1.159915525755627e-12,2.592835378476488e-11,3.047024864360886e-19,7.108485753313561e-20,2.4727660217899773e-24,1.809595952698228e-24,7.094537429183845e-20
4.735337651081557e-08,0.08314471999882617,0.0,0.0,0.0,0.0,0.6699999999847221,0.32999999997060236,1.1599410393580355e-12,2.939765687248371e-11,3.911701358307432e-19,9.128265685409465e-20,3.59200227154216e-24,2.628664864783265e-24,9.108008266169846e-20
5.8105819985411684e-08,0.08314471999853772,0.0,0.0,0.0,0.0,0.6699999999812528,0.32999999996366375,1.1599616986888466e-12,3.6336293408018114e-11,5.966243832822372e-19,1.393090566269673e-19,6.816674583385836e-24,4.9885144821453785e-24,1.389248096258012e-19
7.961070693460393e-08,0.08314471999796082,0.0,0.0,0.0,0.0,0.6699999999743141,0.3299999999497865,1.159978482702087e-12,5.0213590961876866e-11,1.224254006507248e-18,2.863900055156058e-19,2.2651135554970477e-23,1.6576346274298866e-23,2.8511551399564626e-19
9.999999999999998e-08,0.08314471999680698,0.0,0.0,0.0,0.0,0.6699999999677354,0.32999999993662915,1.1600026394715137e-12,6.337097739607034e-11,2.1478452887744726e-18,5.037911999031377e-19,6.170432311470273e-23,4.515591430660011e-23,5.003295651983256e-19
1.2262048083298842e-07,0.08314471999680698,0.0,0.0,0.0,0.0,0.6699999999604368,0.32999999992203194,1.160029439701323e-12,7.796816851458029e-11,3.1725045955504505e-18,7.449824729374209e-19,1.0503107690791312e-22,7.686292684579147e-23,7.390943573176857e-19
2.0864002862975737e-07,0.08314471999449934,0.0,0.0,0.0,0.0,0.6699999999326821,0.3299999998665228,1.16013414388939e-12,1.334773201649554e-10,9.837354721605394e-18,2.3278916774810727e-18,6.19866225481225e-22,4.536256314403908e-22,2.293395272082062e-18
3.8067912422329524e-07,0.08314471998988406,0.0,0.0,0.0,0.0,0.6699999998771728,0.3299999997555045,1.16034378072742e-12,2.444956205724886e-10,3.421160487457831e-17,8.220426210398122e-18,4.255915482749131e-21,3.1145377963210697e-21,7.986998236577544e-18
7.24757315410371e-07,0.08314471998065348,0.0,0.0,0.0,0.0,0.6699999997661543,0.32999999953346776,1.1607630639675333e-12,4.665322106763263e-10,1.2690888084824727e-16,3.1419776456590386e-17,3.205103334903484e-20,2.3455493036196418e-20,2.971123531964592e-17
9.999999999999997e-07,0.08314471996219232,0.0,0.0,0.0,0.0,0.6699999996773457,0.3299999993558511,1.1610984666278876e-12,6.441486442819582e-10,2.706487061308822e-16,6.984323178303143e-17,1.2226719923424412e-19,8.94778412916747e-20,6.361791751740463e-17
1.4129136977845226e-06,0.08314471996219232,0.0,0.0,0.0,0.0,0.6699999995441168,0.32999999908939415,1.1616016311459208e-12,9.106053477425672e-10,4.862843836597681e-16,1.274853487539288e-16,2.57607728669726e-19,1.8852327821303188e-19,1.1448405968846798e-16
2.1010700801586742e-06,0.08314471994373115,0.0,0.0,0.0,0.0,0.6699999993220792,0.32999999864532037,1.1624401988628358e-12,1.3546784411918663e-09,1.017921090347885e-15,2.771802481711496e-16,7.480159514710546e-19,5.474181645243464e-19,2.405574720641567e-16
2.789226462532826e-06,0.08314471992526996,0.0,0.0,0.0,0.0,0.6699999991000414,0.3299999982012464,1.1632787671524985e-12,1.7987514905554342e-09,1.720119155189586e-15,4.844201877713364e-16,1.6050887636051167e-18,1.1746535455343385e-18,4.0790772164347995e-16
4.16553922728113e-06,0.08314471988834757,0.0,0.0,0.0,0.0,0.6699999986559655,0.3299999973130981,1.1649559051830493e-12,2.6868974839033808e-09,3.519855405505821e-15,1.0459275779434773e-15,4.522376108225765e-18,3.3096537894300826e-18,8.394087940466119e-16
5.5418519920294324e-06,0.08314471985142519,0.0,0.0,0.0,0.0,0.669999998211889,0.3299999964249492,1.1666330456050042e-12,3.5750433103684756e-09,5.933441861336986e-15,1.850933644267725e-15,9.73245849431187e-18,7.122670148189332e-18,1.4225023783704257e-15
6.918164756777735e-06,0.0831447198145027,0.0,0.0,0.0,0.0,0.6699999977678118,0.32999999553679954,1.1683101888154676e-12,4.463188954945199e-09,8.993838134378995e-15,2.9420051820013247e-15,1.8230956518789134e-17,1.334240041006493e-17,2.1678580145525617e-15
9.670790286274342e-06,0.08314471974065764,0.0,0.0,0.0,0.0,0.6699999968796551,0.3299999937604982,1.1716644852550064e-12,6.239479667672132e-09,1.7024320515527352e-14,6.164518110146078e-15,5.18851153257033e-17,3.797314046334731e-17,4.154475492089475e-15
9.999999999999997e-06,0.08314471966681247,0.0,0.0,0.0,0.0,0.6699999967734327,0.32999999354805515,1.1720656548443816e-12,6.451921210074029e-09,1.8150184849158446e-14,6.651748698416296e-15,5.785356315287725e-17,4.234137260347717e-17,4.436034983877535e-15
1.2423415815770948e-05,0.08314471966681247,0.0,0.0,0.0,0.0,0.6699999959914955,0.329999991984194,1.1750187962517178e-12,8.015769599628376e-09,2.7525728009962477e-14,1.0907888157855852e-14,1.145673654999899e-16,8.3849742706875e-17,6.797738440278447e-15
1.5176041345267554e-05,0.08314471959296713,0.0,0.0,0.0,0.0,0.6699999951033331,0.32999999020788695,1.1783731236633367e-12,9.792058727122853e-09,4.040788112673556e-14,1.737843661353877e-14,2.174541732474858e-16,1.5915290949313892e-16,1.0096132960661056e-14
1.792866687476416e-05,0.08314471951912164,0.0,0.0,0.0,0.0,0.6699999942151678,0.3299999884315771,1.1817274693250715e-12,1.1568347027011577e-08,5.5581842072926465e-14,2.577993441400074e-14,3.7338140056327815e-16,2.7327813340790624e-16,1.4048150143742385e-14
2.343391793375737e-05,0.08314471937143038,0.0,0.0,0.0,0.0,0.6699999924388282,0.32999998487894894,1.188436221759877e-12,1.51209210653592e-08,9.249685897736426e-14,4.908182442995108e-14,8.990713837545689e-16,6.580451463902593e-16,2.3907552644802485e-14
2.893916899275058e-05,0.08314471922373864,0.0,0.0,0.0,0.0,0.669999990662477,0.32999998132630937,1.1951450669018844e-12,1.8673491551406007e-08,1.376234896790854e-13,8.229465873140678e-14,1.816792003879023e-15,1.3297639231730674e-15,3.636406261332267e-14
3.444442005174379e-05,0.08314471907604651,0.0,0.0,0.0,0.0,0.6699999888861138,0.3299999777736583,1.2018540176334432e-12,2.2226058332375274e-08,1.9033589001771597e-13,1.2684744232940545e-13,3.2774474973145795e-15,2.398898563213524e-15,5.140523522091065e-14
3.9949671110737004e-05,0.08314471892835408,0.0,0.0,0.0,0.0,0.6699999871097385,0.3299999742209956,1.2085630853080108e-12,2.57786212799781e-08,2.500811134385244e-13,1.839987052880922e-13,5.4539211537201086e-15,3.992004988576404e-15,6.901880891857855e-14
4.5454922169730215e-05,0.08314471878066126,0.0,0.0,0.0,0.0,0.6699999853333507,0.3299999706683209,1.2152722796903364e-12,2.9331180290337878e-08,3.1638214174327113e-13,2.5482998410940704e-13,8.53575580310717e-15,6.247837480193435e-15,8.919290584883993e-14
5.359849373353741e-05,0.08314471856218808,0.0,0.0,0.0,0.0,0.6699999827056291,0.32999996541305066,1.2251970195514566e-12,3.4586249945000896e-08,4.255799554535017e-13,3.867202640019762e-13,1.518755292395674e-14,1.1116880573106087e-14,1.2370556147276287e-13
6.17420652973446e-05,0.08314471834371441,0.0,0.0,0.0,0.0,0.6699999800778793,0.32999996015775324,1.2351220812908496e-12,3.984131055292707e-08,5.46932979876256e-13,5.534809680294742e-13,2.4965296738699053e-14,1.8274204465488375e-14,1.6375762673590066e-13
6.98856368611518e-05,0.08314471812524026,0.0,0.0,0.0,0.0,0.6699999774501005,0.3299999549024278,1.2450474873348084e-12,4.509636192455549e-08,6.793345010526547e-13,7.575893720306154e-13,3.8622591117211337e-14,2.8271521526096746e-14,2.093114647502125e-13
7.8029208424959e-05,0.0831447179067657,0.0,0.0,0.0,0.0,0.669999974822292,0.32999994964707335,1.2549732575049129e-12,5.03514039132282e-08,8.21801716153099e-13,1.0012321944698212e-12,5.696319837721759e-14,4.1697278143457144e-14,2.603293738399404e-13
8.617277998876619e-05,0.08314471768829071,0.0,0.0,0.0,0.0,0.6699999721944525,0.329999944391689,1.2648994087313296e-12,5.5606436417759576e-08,9.734898137811669e-13,1.28627392608237e-12,8.083423679304244e-14,5.917167957778108e-14,3.167739839430096e-13
9.431635155257338e-05,0.08314471746981543,0.0,0.0,0.0,0.0,0.6699999695665817,0.3299999391362737,1.27482595570633e-12,6.086145937259995e-08,1.1336607445117338e-12,1.6143296266209925e-12,1.1112084924109647e-13,8.134278561239751e-14,3.7860806584691254e-13
9.999999999999998e-05,0.0831447172513398,0.0,0.0,0.0,0.0,0.6699999677324907,0.329999935468339,1.2817542386487972e-12,6.452909544527737e-08,1.2501328674059721e-12,1.8695182971077643e-12,1.365468179426715e-13,9.995588843350593e-14,4.249376669472504e-13
0.00010245992311638058,0.0831447172513398,0.0,0.0,0.0,0.0,0.6699999669386781,0.3299999338808261,1.2847529109595268e-12,6.611647274540004e-08,1.3016798909300216e-12,1.986773483453674e-12,1.4873864361867983e-13,1.0888097980035106e-13,4.457947392649776e-13
0.00011874706624399497,0.08314471681438754,0.0,0.0,0.0,0.0,0.6699999616827695,0.32999992336982975,1.3046080888006092e-12,7.662647073312532e-08,1.6590889183344208e-12,2.869473799477398e-12,2.4975532589538653e-13,1.8283186302701245e-13,5.960791839905303e-13
0.00013253617319390441,0.08314471644445162,0.0,0.0,0.0,0.0,0.6699999572328733,0.32999991447084304,1.321419346186412e-12,8.552447079405337e-08,1.9818128985920127e-12,3.764910455510011e-12,3.6693989959892604e-13,2.68620544409754e-13,7.397198243440056e-13
0.00014632528014381385,0.08314471607451464,0.0,0.0,0.0,0.0,0.6699999527828701,0.32999990557174735,1.3382318863375444e-12,9.442244380557749e-08,2.321200967588475e-12,4.7998224927935725e-12,5.183408859532542e-13,3.79460564665658e-13,8.982187769831679e-13
0.00016011438709372328,0.0831447157045765,0.0,0.0,0.0,0.0,0.6699999483327547,0.3299998966725363,1.3550457341447688e-12,1.0332039014773585e-07,2.675896572440068e-12,5.976881386470659e-12,7.089529837238365e-13,5.190094991477587e-13,1.0714031868412327e-12
0.0001739034940436327,0.08314471533463703,0.0,0.0,0.0,0.0,0.6699999438825218,0.32999988777320344,1.371860909087961e-12,1.1221831027377158e-07,3.044805103073496e-12,7.298157676978256e-12,9.438476011213759e-13,6.909812720995688e-13,1.2591018976350733e-12
0.00018769260099354214,0.08314471496469607,0.0,0.0,0.0,0.0,0.6699999394321661,0.32999987887374194,1.3886774257036702e-12,1.2111620470195014e-07,3.427071715940529e-12,8.765173240132897e-12,1.228161699868063e-12,8.99137990395562e-13,1.4611455619306426e-12
0.00020148170794345157,0.08314471459475337,0.0,0.0,0.0,0.0,0.6699999349816821,0.32999986997414493,1.4054952944587517e-12,1.3001407400132655e-07,3.8220397899771156e-12,1.0378998651342837e-11,1.5670836355010703e-12,1.1472795778827112e-12,1.6773666204649914e-12
0.000215270814893361,0.08314471422480883,0.0,0.0,0.0,0.0,0.6699999305310649,0.3299998610744059,1.4223145229843424e-12,1.389119187719073e-07,4.229192113008152e-12,1.2140390877889804e-11,1.9658351210452394e-12,1.4392305713664602e-12,1.9075992071013003e-12
0.00022905992184327044,0.08314471385486215,0.0,0.0,0.0,0.0,0.6699999260803084,0.3299998521745179,1.4391351169377419e-12,1.4780973963081302e-07,4.648109882483062e-12,1.4049889230920913e-11,2.429658114242741e-12,1.7788305202575604e-12,2.1516791016254958e-12
0.00024284902879317987,0.08314471348491312,0.0,0.0,0.0,0.0,0.6699999216294078,0.32999984327447385,1.4559570803126096e-12,1.5670753720727324e-07,5.078457808261803e-12,1.6107850124794005e-11,2.9638090012840552e-12,2.1699297266376743e-12,2.4094437482520196e-12
0.0002566381357430893,0.08314471311496154,0.0,0.0,0.0,0.0,0.6699999171783574,0.3299998343742671,1.4727804156086463e-12,1.6560531214005232e-07,5.519976094768616e-12,1.8314465642812124e-11,3.573555201063001e-12,2.6163867567787076e-12,2.680732273513035e-12
0.00027042724269299873,0.08314471274500716,0.0,0.0,0.0,0.0,0.6699999127271518,0.32999982547389073,1.489605124189928e-12,1.7450306507182732e-07,5.9724630414400595e-12,2.0669804024518898e-11,4.264169802190036e-12,3.1220645125514798e-12,2.965385457802095e-12
0.00028421634964290816,0.08314471237504974,0.0,0.0,0.0,0.0,0.6699999082757855,0.3299998165733378,1.5064312066969992e-12,1.8340079664296737e-07,6.4357557430350665e-12,2.3173854587462034e-11,5.04092595542436e-12,3.690826123660095e-12,3.263245692930159e-12
0.000311794563542727,0.08314471163512478,0.0,0.0,0.0,0.0,0.6699998993725494,0.32999979877167457,1.540087492829281e-12,2.011961982475181e-07,7.394278863056647e-12,2.8627704484752785e-11,6.873947714107178e-12,5.0330486074838696e-12,3.897964946685461e-12
0.0003393727774425459,0.0831447108951847,0.0,0.0,0.0,0.0,0.6699998904686056,0.3299997809692227,1.5737492698473454e-12,2.1899152195557163e-07,8.394760456287273e-12,3.467494271779891e-11,9.114726350080929e-12,6.673904683684112e-12,4.583660988558323e-12
0.0003641931699523829,0.0831447102292242,0.0,0.0,0.0,0.0,0.6699998824544161,0.32999976494629635,1.6040495558915232e-12,2.3500725073063976e-07,9.330683339468254e-12,4.062343915645474e-11,1.1514789573727117e-11,8.431455603975842e-12,5.243377046722814e-12
0.00038901356246221993,0.0831447095632484,0.0,0.0,0.0,0.0,0.6699998744395869,0.32999974892264694,1.6343542724332647e-12,2.5102292382509e-07,1.0300023027546733e-11,4.704980963787808e-11,1.4309720983785815e-11,1.0478226564987761e-11,5.942548279220905e-12
0.00041383395497205695,0.08314470889725593,0.0,0.0,0.0,0.0,0.669999866424087,0.3299997328982348,1.664663409651889e-12,2.6703854458201466e-07,1.130264575851757e-11,5.395258312939152e-11,1.752997443481971e-11,1.2836536302687093e-11,6.680329967430319e-12
0.00043865434748189397,0.08314470823124538,0.0,0.0,0.0,0.0,0.6699998584078853,0.32999971687302065,1.6949769576408402e-12,2.83054116227665e-07,1.2338453951631735e-11,6.133029816562083e-11,2.120590660951555e-11,1.5528633974971576e-11,7.455892945151284e-12
0.000463474739991731,0.08314470756521535,0.0,0.0,0.0,0.0,0.6699998503909511,0.32999970084696517,1.7252949064902396e-12,2.990696418753616e-07,1.3407380471759901e-11,6.918151101307156e-11,2.5367780424664293e-11,1.8576701584984948e-11,8.268423346462105e-12
0.000513115525011405,0.08314470623309109,0.0,0.0,0.0,0.0,0.6699998343547603,0.32999966879217435,1.7859439677823576e-12,3.3110056709501575e-07,1.5644426398683597e-11,8.629881082776097e-11,3.526996117870838e-11,2.5829156843997208e-11,1.0001205410611923e-11
0.000562756310031079,0.083144704900872,0.0,0.0,0.0,0.0,0.6699998183152684,0.3299996367335518,1.8466105179603023e-12,3.6313134301461846e-07,1.801361092615276e-11,1.0529367371036e-10,4.747685309992777e-11,3.4770091611592375e-11,1.1872461527763798e-11
0.0006123970950507531,0.08314470356854702,0.0,0.0,0.0,0.0,0.669999802272231,0.3299996046707897,1.9072944870977012e-12,3.95161990802794e-07,2.0514876400046037e-11,1.2615615467300076e-10,6.222746945001901e-11,4.557474611801339e-11,1.3876206048818922e-11
0.0006620378800704271,0.0831447022361052,0.0,0.0,0.0,0.0,0.669999786225405,0.32999957260358254,1.9679958118036437e-12,4.2719253014738487e-07,2.3148190780994557e-11,1.4887724660169457e-10,7.975961382674776e-11,5.841749195529106e-11,1.6006674077882022e-11
0.0007116786650901011,0.08314470090353572,0.0,0.0,0.0,0.0,0.6699997701745487,0.3299995405316266,2.0287144347578388e-12,4.592229793832919e-07,2.591352987454894e-11,1.7344880636701518e-10,1.003099979176119e-10,7.347191591718933e-11,1.825831370225496e-11
0.0007613194501097752,0.08314469957082783,0.0,0.0,0.0,0.0,0.669999754119421,0.32999950845462084,2.0894503038993657e-12,4.912533556082692e-07,2.881088254374097e-11,1.998634457504588e-10,1.241143477538874e-10,9.091089548708894e-11,2.0625778737247762e-11
0.0008109602351294492,0.0831446982379709,0.0,0.0,0.0,0.0,0.6699997380597832,0.3299994763722654,2.150203371890933e-12,5.232836747751668e-07,3.184024946735061e-11,2.2811445670459556e-10,1.5140748751329346e-10,1.1090665809911176e-10,2.310392235440281e-11
0.0008606010201491233,0.08314469690495438,0.0,0.0,0.0,0.0,0.6699997219953963,0.32999944428426226,2.2109735956207858e-12,5.553139517990386e-07,3.5001635583758996e-11,2.5819573817863716e-10,1.824234360520921e-10,1.3363084911125344e-10,2.5687789078302866e-11
0.0009598825901884712,0.08314469423840072,0.0,0.0,0.0,0.0,0.6699996898514269,0.3299993800901281,2.3325653570501223e-12,6.193744343025511e-07,4.1720481946890636e-11,3.238274621453722e-10,2.5655617540695343e-10,1.879484432435719e-10,3.115379114662929e-11
0.0009999999999999998,0.08314469195456453,0.0,0.0,0.0,0.0,0.6699996768566967,0.329999354143467,2.3817171638494535e-12,6.452598001033254e-07,4.458522647634653e-11,3.5240940125179966e-10,2.9142314938899915e-10,2.1349707065567e-10,3.3468792503724904e-11
0.0010448922942935019,0.08314469195456453,0.0,0.0,0.0,0.0,0.669999662310918,0.3299993251033132,2.436732335170573e-12,6.742261186698448e-07,4.7893173096373164e-11,3.8579595454194183e-10,3.3401385356603053e-10,2.447061868943037e-10,3.6127747267708624e-11
0.0011299019983985325,0.08314468967011726,0.0,0.0,0.0,0.0,0.6699996347532213,0.3299992700958706,2.5409491640758456e-12,7.290778506788637e-07,5.445306388546193e-11,4.5306708749107195e-10,4.25597026199543e-10,3.1181840213639956e-10,4.135034412994355e-11
0.001214911702503563,0.08314468738500795,0.0,0.0,0.0,0.0,0.6699996071771629,0.32999921506634095,2.6452157162714984e-12,7.83929681026777e-07,6.140017972963111e-11,5.256231189244237e-10,5.324629760688659e-10,3.901339198849514e-10,4.680185855217041e-11
0.0012999214066085937,0.08314468509918582,0.0,0.0,0.0,0.0,0.6699995795815739,0.3299991600132725,2.7495318803368564e-12,8.387816552760847e-07,6.87345465571579e-11,6.03448681722741e-10,6.557653638671314e-10,4.804988333444327e-10,5.246383804911306e-11
0.0013849311107136243,0.08314468281260076,0.0,0.0,0.0,0.0,0.6699995519652904,0.3299991049352205,2.8538975580010798e-12,8.936338144655058e-07,7.64561837439475e-11,6.865303680914929e-10,7.966547383402705e-10,5.837568339730755e-10,5.831902224610854e-11
0.001469940814818655,0.08314468052520278,0.0,0.0,0.0,0.0,0.6699995243271516,0.3299990498307466,2.9583126617775014e-12,9.484861955915619e-07,8.456511043474918e-11,7.748563983330616e-10,9.562789275247711e-10,7.00749460574021e-10,6.435127175814272e-11
0.0015549505189236855,0.08314467823694226,0.0,0.0,0.0,0.0,0.6699994966660004,0.3299989946984177,3.0627771130034355e-12,1.0033388320268988e-06,9.306135151927779e-11,8.684163453129975e-10,1.1357833713809337e-09,8.323163045332559e-10,7.054550045834757e-11
0.0016399602230287161,0.08314467594776978,0.0,0.0,0.0,0.0,0.6699994689806832,0.3299989395368061,3.1672908405077996e-12,1.058191753860224e-06,1.0194493547133152e-10,9.672009412190386e-10,1.3363113831499208e-09,9.792951623712274e-10,7.688761281505216e-11
0.0017249699271337468,0.08314467365763628,0.0,0.0,0.0,0.0,0.6699994412700494,0.32999888434448843,3.271853779504242e-12,1.113044988203909e-06,1.1121589011426995e-10,1.0712019144903264e-09,1.5590043819305975e-09,1.1425221660083017e-09,8.336444379272742e-11
0.0018099796312387774,0.0831446713664928,0.0,0.0,0.0,0.0,0.6699994135329503,0.32999882912004563,3.3764658706030085e-12,1.1678985594654876e-06,1.2087424265735906e-10,1.1804118458412672e-09,1.8050020939911054e-09,1.322831889165179e-09,8.996370223270366e-11
0.001894989335343808,0.0831446690742907,0.0,0.0,0.0,0.0,0.6699993857682407,0.32999877386206267,3.481127058928651e-12,1.2227524895912158e-06,1.3092002210396942e-10,1.2948240405062441e-09,2.0754427300644737e-09,1.5210574350408823e-09,9.66739171305307e-11
0.001979999039448839,0.08314466678098135,0.0,0.0,0.0,0.0,0.669999357974776,0.3299987185691281,3.585837293453343e-12,1.2776067982761628e-06,1.4135325978556046e-10,1.4144324295351083e-09,2.3714631338161466e-09,1.7380305018856484e-09,1.0348438732041631e-10
0.0020650087435538696,0.0831446644865165,0.0,0.0,0.0,0.0,0.6699993301514152,0.32999866323983373,3.690596526495174e-12,1.3324615031490648e-06,1.5217398800827029e-10,1.5392314931538797e-09,2.6941989089850216e-09,1.974581431829254e-09,1.1038513407081058e-10
0.0021500184476589005,0.08314466219084787,0.0,0.0,0.0,0.0,0.6699993022970182,0.3299986078727749,3.795404713299726e-12,1.387316619936983e-06,1.6338223932017255e-10,1.669216196347993e-09,3.0447845301347225e-09,2.2315392465557052e-09,1.1736685650445617e-10
0.0022350281517639313,0.0831446598939274,0.0,0.0,0.0,0.0,0.6699992744104469,0.3299985524665495,3.900261811658592e-12,1.4421721626153474e-06,1.7497804706494814e-10,1.8043819306150611e-09,3.424353442083503e-09,2.5097316734416706e-09,1.2442088949308429e-10
0.0024050475599739925,0.08314465529613937,0.0,0.0,0.0,0.0,0.6699992185362361,0.329998441531007,4.110122585186604e-12,1.5518845735591366e-06,1.9933247129483722e-10,2.0902399187141536e-09,4.274970267325838e-09,3.133124874660394e-09,1.3871417525121516e-10
0.0025580650273630476,0.0831446511533693,0.0,0.0,0.0,0.0,0.6699991681280225,0.3299983415410636,4.299164177436755e-12,1.6506273088230129e-06,2.225772539055984e-10,2.365192151654182e-09,5.15100082188759e-09,3.77507880630648e-09,1.5175017044428874e-10
0.0027110824947521026,0.08314464700580122,0.0,0.0,0.0,0.0,0.6699991175979281,0.32999824140254436,4.488363674718603e-12,1.7493715743406052e-06,2.470782854995962e-10,2.6568742933034877e-09,6.138525894574572e-09,4.498647473680639e-09,1.6491079557236145e-10
0.0028640999621411577,0.08314464285315883,0.0,0.0,0.0,0.0,0.6699990669393611,0.32999814110736797,4.677720891665241e-12,1.84811740352703e-06,2.7283579272351494e-10,2.9652699238656926e-09,7.24412817074443e-09,5.30861183833569e-09,1.781637875038918e-10
0.0030171174295302128,0.08314463869516645,0.0,0.0,0.0,0.0,0.6699990161457404,0.32999804064747673,4.867235654663762e-12,1.9468648194680026e-06,2.998500110428081e-10,3.2903646799258556e-09,8.474384535631244e-09,6.2097387616210895e-09,1.914809561846165e-10
0.003170134896919268,0.08314463453154931,0.0,0.0,0.0,0.0,0.6699989652104931,0.3299979400148369,5.0569078000826535e-12,2.0456138362036824e-06,3.2812118433618415e-10,3.6321459502826067e-09,9.835866833254135e-09,7.206780448446052e-09,2.048377233660062e-10
0.003323152364308323,0.0831446303620332,0.0,0.0,0.0,0.0,0.6699989141270539,0.3299978392014379,5.2467371728729114e-12,2.144364459843188e-06,3.57649563460811e-10,3.990602630665122e-09,1.1335142517572598e-08,8.3044737617548e-09,2.1821271101490505e-10
0.003476169831697378,0.08314462618634447,0.0,0.0,0.0,0.0,0.6699988628888645,0.32999773819929185,5.436723625434107e-12,2.2431166895332712e-06,3.884354061539107e-10,4.365724922682789e-09,1.2978775211643242e-08,9.507539419797461e-09,2.3158737375137814e-10
0.003629187299086433,0.08314462200421009,0.0,0.0,0.0,0.0,0.669998811489372,0.329997637000434,5.626867016695281e-12,2.3418705182975372e-06,4.2047897760950256e-10,4.757504169019604e-09,1.4773325187159585e-08,1.0820681083829419e-08,2.449456723935497e-10
0.003782204766475488,0.08314461781535727,0.0,0.0,0.0,0.0,0.6699987599220286,0.3299975355969232,5.81716721134177e-12,2.4406259337730848e-06,4.5378055022306557e-10,5.165932713766768e-09,1.6725349784097563e-08,1.2248584350997519e-08,2.5827378317221807e-10
0.0039352222338645436,0.08314461361951377,0.0,0.0,0.0,0.0,0.6699987081802915,0.3299974339808414,6.007624079130368e-12,2.539382918861225e-06,4.883404030078045e-10,5.591003779684508e-09,1.884140378181446e-08,1.3795915660500446e-08,2.715598386289563e-10
0.004088239701253599,0.08314460941640758,0.0,0.0,0.0,0.0,0.6699986562576213,0.3299973321442954,6.198237494269572e-12,2.638141452302071e-06,5.241588216019309e-10,6.03271135877553e-09,2.1128039726908573e-08,1.5467321117032083e-08,2.847936967793089e-10
0.0042412571686426545,0.08314460520576705,0.0,0.0,0.0,0.0,0.6699986041474824,0.3299972300794169,6.389007334876198e-12,2.7369015091789085e-06,5.612360984846959e-10,6.491050117074178e-09,2.359180822037752e-08,1.726742523335694e-08,2.979667359542049e-10
0.00439427463603171,0.08314460098732078,0.0,0.0,0.0,0.0,0.6699985518433419,0.3299971277783639,6.5799334825074785e-12,2.8356630613599106e-06,5.995725328325295e-10,6.966015313050429e-09,2.6239258168433988e-08,1.920082959542954e-08,3.1107167276936697e-10
0.0045472921034207655,0.08314459676079758,0.0,0.0,0.0,0.0,0.6699984993386694,0.32999702523332114,6.771015821746814e-12,2.934426077885959e-06,6.391684302896896e-10,7.457602726015792e-09,2.907693700259368e-08,2.127211145451289e-08,3.2410240073876063e-10
0.004700309570809821,0.08314459252592642,0.0,0.0,0.0,0.0,0.6699984466269377,0.3299969224365015,6.962254239823172e-12,3.033190525312088e-06,6.800241029944413e-10,7.96580859159317e-09,3.211139087368081e-08,2.348582225019672e-08,3.370538471970636e-10
0.0048533270381988765,0.08314458828243658,0.0,0.0,0.0,0.0,0.6699983937016205,0.3299968193801479,7.153648626262134e-12,3.1319563680077863e-06,7.221398696608376e-10,8.490629543948044e-09,3.534916482251133e-08,2.5846486066903785e-08,3.499218465174811e-10
0.005006344505587932,0.08314458403005733,0.0,0.0,0.0,0.0,0.6699983405561936,0.3299967160565332,7.345198872576098e-12,3.2307235684202395e-06,7.655160555077602e-10,9.032062564991807e-09,3.8796802929223806e-08,2.8358598025973306e-08,3.6270302789460185e-10
0.0051593619729769875,0.08314457976851812,0.0,0.0,0.0,0.0,0.6699982871841347,0.3299966124579629,7.536904871988901e-12,3.3294920873045247e-06,8.101529921730543e-10,9.590104939650142e-09,4.246084844345782e-08,3.102662261566618e-08,3.75394716152597e-10
0.005312379440366043,0.08314457549754865,0.0,0.0,0.0,0.0,0.6699982335789225,0.3299965085767765,7.728766519182978e-12,3.428261883924835e-06,8.560510177347933e-10,1.0164754216015527e-08,4.634784389776033e-08,3.3854991961667986e-08,3.8799484415765763e-10
0.0054653969077550985,0.0831445712168785,0.0,0.0,0.0,0.0,0.6699981797340365,0.32999640440534844,7.920783710070126e-12,3.527032916230315e-06,9.03210476742117e-10,1.0756008169818113e-08,5.046433120630039e-08,3.684810404053313e-08,4.005018755319034e-10
0.005771431842533209,0.08314456262535555,0.0,0.0,0.0,0.0,0.6699980712991687,0.3299961951614538,8.305284311555766e-12,3.7245785139694912e-06,1.001315105396409e-09,1.1988322174253682e-08,5.941194642455671e-08,4.334596632263468e-08,4.252327753131631e-10
0.006046863283833508,0.08314455485709862,0.0,0.0,0.0,0.0,0.6699979728227128,0.32999600577361093,8.651865786419197e-12,3.90237333420461e-06,1.0939269616453084e-09,1.3154174082502115e-08,6.831528086662376e-08,4.980081755823263e-08,4.4716540888049716e-10
0.006322294725133808,0.08314454705321132,0.0,0.0,0.0,0.0,0.6699978734683534,0.3299958153286003,8.998949640418879e-12,4.080171458240522e-06,1.190631514207053e-09,1.4373797975757474e-08,7.806388840105019e-08,5.685607152908273e-08,4.68790369818888e-10
0.006597726166434108,0.08314453921211958,0.0,0.0,0.0,0.0,0.669997773198091,0.32999562378346936,9.34653528786746e-12,4.257972609430358e-06,1.2914310044184188e-09,1.5647185689384817e-08,8.869590798628806e-08,6.453588796307803e-08,4.901105803396871e-10
0.0068731576077344075,0.08314453133224961,0.0,0.0,0.0,0.0,0.6699976719739319,0.32999543109579027,9.694622143880657e-12,4.435776505267895e-06,1.3963277408342569e-09,1.69743297091298e-08,1.0024947636898082e-07,7.286390810215741e-08,5.111308652476318e-10
0.007148589049034707,0.08314452341202816,0.0,0.0,0.0,0.0,0.669997569757886,0.32999523722369994,1.0043209622568956e-11,4.613582858304225e-06,1.5053240989324395e-09,1.835522294004579e-08,1.1276272851296746e-07,8.186321309150573e-08,5.318574844743915e-10
0.007424020490335007,0.08314451544988209,0.0,0.0,0.0,0.0,0.6699974665119666,0.32999504212594233,1.0392297135505142e-11,4.7913913768295684e-06,1.61842252091699e-09,1.978985851983576e-08,1.2627379788080769e-07,9.155628114470457e-08,5.522977676088314e-10
0.007699451931635307,0.08314450744423862,0.0,0.0,0.0,0.0,0.6699973621981903,0.32999484576191235,1.0741884090402524e-11,4.969201765365594e-06,1.7356255156248077e-09,2.1278229669519542e-08,1.408208165951803e-07,1.019649436526677e-07,5.724598294492775e-10
0.007974883372935606,0.08314449939352511,0.0,0.0,0.0,0.0,0.6699972567785762,0.32999464809170026,1.1091969890017929e-11,5.147013724998594e-06,1.8569356582561295e-09,2.2820329576801344e-08,1.564419154971683e-07,1.1311034032862721e-07,5.923523546371729e-10
0.008250314814235906,0.08314449129616919,0.0,0.0,0.0,0.0,0.6699971502151475,0.32999444907613723,1.1442553931220676e-11,5.3248269535999925e-06,1.982355589996732e-09,2.4416151303634667e-08,1.7317522412948808e-07,1.250128735606776e-07,6.119844311722569e-10
0.008525746255536206,0.08314448315059854,0.0,0.0,0.0,0.0,0.6699970424699286,0.3299942486768419,1.1793635604151006e-11,5.502641145965353e-06,2.1118880177356527e-09,2.6065687711230295e-08,1.9105887066300037e-07,1.3769216211969803e-07,6.313654206154634e-10
0.008801177696836505,0.08314447495524119,0.0,0.0,0.0,0.0,0.6699969335049482,0.3299940468562669,1.214521429149127e-11,5.6804559938903096e-06,2.245535713744133e-09,2.776893139903939e-08,2.1013098177793957e-07,1.5116699437729492e-07,6.505048569236822e-10
0.009076609138136805,0.08314446670852527,0.0,0.0,0.0,0.0,0.669996823282238,0.32999384357774625,1.249728936783907e-11,5.858271186193859e-06,2.3833015152173682e-09,2.9525874655810335e-08,2.3042968250605165e-07,1.6545528118095274e-07,6.694123695715225e-10
0.009352040579437105,0.08314445840887916,0.0,0.0,0.0,0.0,0.6699967117638327,0.3299936388055427,1.2849860199111608e-11,6.036086408699433e-06,2.525188323822663e-09,3.1336509420383594e-08,2.5199309604009026e-07,1.8057400854481288e-07,6.880976262675144e-10
0.009627472020737405,0.08314445005473137,0.0,0.0,0.0,0.0,0.6699965989117711,0.3299934325048957,1.3202926142020305e-11,6.213901344184832e-06,2.6711991052786863e-09,3.3200827249927826e-08,2.7485934351739087e-07,1.9653919032281763e-07,7.065702905375001e-10
0.009999999999999998,0.08314443317664617,0.0,0.0,0.0,0.0,0.669996444087279,0.32999315098660886,1.3681243268079855e-11,6.454399507755809e-06,2.8752487006967193e-09,3.5807754117890396e-08,3.079270016047334e-07,2.1950563972323955e-07,7.312339332453758e-10
0.010178334903338004,0.08314443317664617,0.0,0.0,0.0,0.0,0.6699963690548549,0.32999301518439317,1.391054074092476e-11,6.569529069491183e-06,2.975604766696877e-09,3.709047628356459e-08,3.2465281309748446e-07,2.3106782961014928e-07,7.429163127311239e-10
0.010674111497678542,0.08314441778421382,0.0,0.0,0.0,0.0,0.6699961572417851,0.3299926340416013,1.4549080503870877e-11,6.889589793077676e-06,3.2637048939129745e-09,4.077466314812866e-08,3.743050082674204e-07,2.651775665971558e-07,7.749965675958923e-10
0.011169888092019081,0.0831444021907678,0.0,0.0,0.0,0.0,0.6699959405174974,0.32999224745564065,1.5189213956548138e-11,7.209644505059249e-06,3.565215686545869e-09,4.463263203519823e-08,4.287711247885677e-07,3.022294923340965e-07,8.065355267250849e-10
0.01166566468635962,0.0831443863871529,0.0,0.0,0.0,0.0,0.6699957186607775,0.32999185526521096,1.5830936958342525e-11,7.5296912329572544e-06,3.880156683019319e-09,4.866431726781007e-08,4.8827337631847e-07,3.422757591172477e-07,8.375867532955268e-10
0.012161441280700158,0.08314437036421705,0.0,0.0,0.0,0.0,0.6699954914504772,0.3299914573228597,1.6474245240406688e-11,7.849727963881033e-06,4.20854804670542e-09,5.2869647864953755e-08,5.530339326043596e-07,3.853547366029267e-07,8.682027416813619e-10
0.012607640215606643,0.08314435574849442,0.0,0.0,0.0,0.0,0.6699952822011765,0.32999109414673367,1.7054574472391974e-11,8.137750776254154e-06,4.5156174959109114e-09,5.6802849098788365e-08,6.159978669752597e-07,4.26738800704948e-07,8.954275094875632e-10
0.013053839150513129,0.08314434094104556,0.0,0.0,0.0,0.0,0.669995068275297,0.3299907261174406,1.7636180909296533e-11,8.42576229696595e-06,4.8336141213105556e-09,6.087658153377569e-08,6.835628325343979e-07,4.7060575206344197e-07,9.223781118577987e-10
0.013500038085419615,0.08314432593520722,0.0,0.0,0.0,0.0,0.6699948495117888,0.3299903531590423,1.8219061148152872e-11,8.713760965477905e-06,5.1625538649223644e-09,6.50907816798845e-08,7.558906750632384e-07,5.169521646046108e-07,9.490905961453657e-10
0.0139462370203261,0.08314431072431935,0.0,0.0,0.0,0.0,0.6699946257496648,0.3299899752062873,1.880321168671476e-11,9.001745189003256e-06,5.502453042661428e-09,6.944538213355529e-08,8.331431956293297e-07,5.657639814600241e-07,9.756003537030448e-10
0.014392435955232586,0.08314429530172517,0.0,0.0,0.0,0.0,0.6699943968280053,0.32998959220486873,1.938862892024379e-11,9.289713341189227e-06,5.853328334704395e-09,7.39403114819719e-08,9.154821465078717e-07,6.170162616256945e-07,1.001942151828455e-09
0.014794014996648423,0.08314428123488256,0.0,0.0,0.0,0.0,0.6699941862541663,0.32998924315106515,1.991658438989299e-11,9.548869564923514e-06,6.178514747335568e-09,7.81056667685535e-08,9.94069745819106e-07,6.652003815497458e-07,1.0255344210893438e-09
0.01519559403806426,0.08314426698632124,0.0,0.0,0.0,0.0,0.6699939712536103,0.32998888994903147,2.0445560097390672e-11,9.80801018980996e-06,6.512618263316216e-09,8.23845693737645e-08,1.0770261700083919e-06,7.152982692877607e-07,1.0490428490148622e-09
0.015597173079480097,0.08314425255119631,0.0,0.0,0.0,0.0,0.6699937517091863,0.32998853258249006,2.0975553188416127e-11,1.0067133955493662e-05,6.855651759132422e-09,8.677695850610191e-08,1.1644692180257413e-06,7.672685685525467e-07,1.0724915947487818e-09
0.015998752120895934,0.08314423792466577,0.0,0.0,0.0,0.0,0.6699935275037999,0.3299881710425977,2.150656073304243e-11,1.0326239576506922e-05,7.207628324309015e-09,9.128277048800546e-08,1.2565166459329082e-06,8.210625369393478e-07,1.0959044744579178e-09
0.01640033116231177,0.08314422310189047,0.0,0.0,0.0,0.0,0.6699932985204161,0.3299878053279058,2.203857972372406e-11,1.058532574157423e-05,7.568561254794587e-09,9.590193869155242e-08,1.3532861641615476e-06,8.766240874253064e-07,1.1193049753676735e-09
0.016801910203727604,0.08314420807803435,0.0,0.0,0.0,0.0,0.6699930646420632,0.32998743544425696,2.2571607073681045e-11,1.0844391112940942e-05,7.938464046048068e-09,1.0063439347257156e-07,1.4548954346613608e-06,9.338898937479489e-07,1.1427162690597935e-09
0.01720348924514344,0.0831441928482647,0.0,0.0,0.0,0.0,0.6699928257518357,0.32998706140464723,2.31056396148559e-11,1.1103434325713237e-05,8.317350385973024e-09,1.0548006210374714e-07,1.5614620679919056e-06,9.927895309463302e-07,1.1661612235266507e-09
0.017605068286559274,0.08314417740775203,0.0,0.0,0.0,0.0,0.6699925817328981,0.3299866832290788,2.3640674095704015e-11,1.13624539871994e-05,8.70523414769143e-09,1.1043886870679519e-07,1.6731036204039717e-06,1.0532456239539164e-06,1.1896624149507667e-09
0.01800664732797511,0.08314416175167048,0.0,0.0,0.0,0.0,0.6699923324684872,0.3299863009443476,2.4176707180024218e-11,1.162144867627126e-05,9.10212938212153e-09,1.1551073418256093e-07,1.7899375908127033e-06,1.1151740630473756e-06,1.2132421383121043e-09
0.018408226369390945,0.08314414587519796,0.0,0.0,0.0,0.0,0.6699920778419168,0.32998591458376564,2.4713735444715845e-11,1.1880416942742926e-05,9.508050310408345e-09,1.2069557613914815e-07,1.9120814176652933e-06,1.1784842831010287e-06,1.236922417349898e-09
0.01880980541080678,0.08314412977351604,0.0,0.0,0.0,0.0,0.6699918177365803,0.329985524186844,2.5251755377654393e-11,1.2139357306760607e-05,9.923011316081525e-09,1.259933088194886e-07,2.03965247573576e-06,1.2430795830482747e-06,1.2607250142461453e-09
0.019211384452222615,0.08314411344181051,0.0,0.0,0.0,0.0,0.6699915520359553,0.32998512979896866,2.579076337641365e-11,1.2398268258195826e-05,1.0347026936979202e-08,1.3140384302843324e-07,2.17276807290213e-06,1.308857452491707e-06,1.2846714387835998e-09
0.01961296349363845,0.08314409687527115,0.0,0.0,0.0,0.0,0.6699912806236058,0.329984731471008,2.633075574662321e-11,1.2657148256056577e-05,1.0780111857163422e-08,1.369270860575641e-07,2.3115454468056504e-06,1.3757099661043453e-06,1.3087829567220036e-09
0.020014542535054285,0.08314408006909232,0.0,0.0,0.0,0.0,0.669991003383188,0.3299843292588522,2.6871728699150895e-11,1.2915995727916577e-05,1.1222280898644267e-08,1.425629416081057e-07,2.4561017613797223e-06,1.4435242471984196e-06,1.3330805970184642e-09
0.02041612157647012,0.08314406301847264,0.0,0.0,0.0,0.0,0.6699907201984521,0.3299839232229717,2.7413678348542224e-11,1.3174809069342258e-05,1.1673549012667994e-08,1.4831130971435441e-07,2.606554103398245e-06,1.5121829107626218e-06,1.3575851595560243e-09
0.020817700617885956,0.08314404571861567,0.0,0.0,0.0,0.0,0.6699904309532475,0.32998351342789467,2.795660071370349e-11,1.3433586643339687e-05,1.213393127087204e-08,1.541720866653373e-07,2.763019478867873e-06,1.5815645891956316e-06,1.382317221609895e-09
0.02121927965930179,0.08314402816472963,0.0,0.0,0.0,0.0,0.6699901355315261,0.32998309994164743,2.8500491713147165e-11,1.369232677981471e-05,1.2603442856684993e-08,1.6014516492411021e-07,2.925614809315976e-06,1.6515444940860696e-06,1.407297144111988e-09
0.021620858700717626,0.08314401035202793,0.0,0.0,0.0,0.0,0.6699898338173472,0.3299826828352081,2.9045347160936152e-11,1.3951027775032939e-05,1.3082099056199292e-08,1.662304330475721e-07,3.094456928087262e-06,1.7219949646577098e-06,1.4325450778235455e-09
0.02202243774213346,0.0831439922757291,0.0,0.0,0.0,0.0,0.6699895256948802,0.3299822621818909,2.959116277299314e-11,1.4209687891100472e-05,1.356991524835684e-08,1.7242777560571082e-07,3.2696625764611764e-06,1.79278608619864e-06,1.4580809687142178e-09
0.022424016783549296,0.08314397393105721,0.0,0.0,0.0,0.0,0.6699892110484111,0.32998183805675024,3.0137934165123553e-11,1.446830535544607e-05,1.4066906895769593e-08,1.7873707309844725e-07,3.4513483997681693e-06,1.8637862886578122e-06,1.4839245631496124e-09
0.02282559582496513,0.0831439553132418,0.0,0.0,0.0,0.0,0.6699888897623444,0.3299814105359042,3.068565683398409e-11,1.472687836032633e-05,1.4573089535634907e-08,1.8515820187008954e-07,3.6396309432991707e-06,1.934863025559451e-06,1.5100954122774084e-09
0.023227174866380967,0.08314393641751837,0.0,0.0,0.0,0.0,0.6699885617212088,0.32998097969591905,3.1234326167140717e-11,1.4985405062326804e-05,1.508847876917426e-08,1.91691034026769e-07,3.834626648255154e-06,2.0058833921823493e-06,1.5366128766859283e-09
0.023628753907796802,0.08314391723912823,0.0,0.0,0.0,0.0,0.6699882268096617,0.32998054561310014,3.178393747182792e-11,1.5243883581887076e-05,1.5613090250999213e-08,1.983354373521577e-07,4.036451847465245e-06,2.0767148371635357e-06,1.5634961301352099e-09
0.024030332949212637,0.08314389777331903,0.0,0.0,0.0,0.0,0.6699878849124938,0.3299801083628897,3.2334485928538514e-11,1.5502312002820425e-05,1.614693968028765e-08,2.0509127521844655e-07,4.245222761181576e-06,2.1472257673884607e-06,1.5907641638570594e-09
0.024431911990628472,0.08314387801534473,0.0,0.0,0.0,0.0,0.6699875359146336,0.32997966801915635,3.288596655294352e-11,1.5760688371857933e-05,1.669004279034969e-08,2.11958406498529e-07,4.4610554926355545e-06,2.2172862615214216e-06,1.618435789592419e-09
0.024833491032044307,0.08314385796046594,0.0,0.0,0.0,0.0,0.6699871797011513,0.3299792246535517,3.343837431116061e-11,1.601901069820001e-05,1.7242415336433936e-08,2.1893668548177166e-07,4.684066023514609e-06,2.2867687153445298e-06,1.6465296426998745e-09
0.025235070073460143,0.08314383760395007,0.0,0.0,0.0,0.0,0.6699868161572652,0.329978778334868,3.3991704126984165e-11,1.6277276953066814e-05,1.780407308537656e-08,2.2602596178595447e-07,4.914370209447847e-06,2.3555484880808763e-06,1.6750641853291452e-09
0.02571658410944887,0.08314381279111711,0.0,0.0,0.0,0.0,0.6699863704238863,0.32997823937395604,3.46563832030656e-11,1.6586874714518638e-05,1.848979344185789e-08,2.346724897730066e-07,5.20029539115431e-06,2.4369226528782304e-06,1.7098852811191357e-09
0.0261980981454376,0.08314378752968654,0.0,0.0,0.0,0.0,0.6699859137892937,0.32997769636586444,3.53223708300455e-11,1.6896385249214527e-05,1.918891320138548e-08,2.4347810138813945e-07,5.497072457628372e-06,2.516911994813084e-06,1.7453974713898306e-09
0.026679612181426327,0.08314376181154133,0.0,0.0,0.0,0.0,0.669985446056515,0.32997714940560274,3.598965769871056e-11,1.7205804838557852e-05,1.9901459477229326e-08,2.5244250970429445e-07,5.804900357723718e-06,2.5953258496002516e-06,1.7816316285555237e-09
0.027161126217415055,0.08314373562858034,0.0,0.0,0.0,0.0,0.6699849670289275,0.3299765985770535,3.665823364443759e-11,1.7515129681697324e-05,2.0627459306383276e-08,2.61565417305999e-07,6.123977735662846e-06,2.671984919811928e-06,1.818618287291863e-09
0.027642640253403784,0.08314370897271914,0.0,0.0,0.0,0.0,0.6699844765102739,0.32997604395180613,3.732808848403918e-11,1.782435589457854e-05,2.13669396182534e-08,2.7084651606320584e-07,6.454502918350086e-06,2.7467224485537626e-06,1.8563876489491765e-09
0.028124154289392512,0.08314368183589053,0.0,0.0,0.0,0.0,0.6699839743046742,0.329975485588114,3.7999212410390496e-11,1.8133479508994456e-05,2.2119927206692684e-08,2.80285486916288e-07,6.796673902397392e-06,2.8193852701934837e-06,1.894969584961643e-09
0.02860566832538124,0.0831436542100451,0.0,0.0,0.0,0.0,0.66998346021664,0.32997492353000474,3.8671594411745755e-11,1.844249647171156e-05,2.2886448698879494e-08,2.898819996364707e-07,7.150688340852451e-06,2.8898347076824393e-06,1.9343936402791317e-09
0.02908718236136997,0.08314362608715194,0.0,0.0,0.0,0.0,0.6699829340510904,0.32997435780653134,3.9345223213363394e-11,1.8751402643634306e-05,2.3666530521535558e-08,2.996357125859582e-07,7.516743529625019e-06,2.9579473286960237e-06,1.974689035366163e-09
0.029568696397358697,0.08314359745919907,0.0,0.0,0.0,0.0,0.6699823956133631,0.3299737884311948,4.002008857180403e-11,1.906019379893656e-05,2.446019887671852e-08,3.09546272499671e-07,7.895036393606917e-06,3.0236155318759768e-06,2.0158846688513553e-09
0.030050210433347425,0.08314356831819421,0.0,0.0,0.0,0.0,0.6699818447092318,0.32997321540153046,4.06961787207231e-11,1.9368865624278875e-05,2.5267479706785226e-08,3.196133142533513e-07,8.285763472490189e-06,3.0867479674393455e-06,2.0580091184245053e-09
0.030531724469336153,0.0831435386561654,0.0,0.0,0.0,0.0,0.6699812811449203,0.3299726386988763,4.137348099470659e-11,1.967741371810478e-05,2.608839865226454e-08,3.2983646061514525e-07,8.689120906280955e-06,3.1472697780585255e-06,2.101090642873263e-09
0.03101323850532488,0.08314350846516164,0.0,0.0,0.0,0.0,0.669980704727118,0.32997205828830894,4.205198477851745e-11,1.9985833589850036e-05,2.6922981035396752e-08,3.402153220217765e-07,9.105304420509742e-06,3.205122670110119e-06,2.145157181591927e-09
0.031494752541313606,0.08314347773725343,0.0,0.0,0.0,0.0,0.6699801152629947,0.32997147411875505,4.2731677813282184e-11,2.029412065924374e-05,2.7771251826228013e-08,3.5074949635260744e-07,9.534509311132579e-06,3.26026481181528e-06,2.190236356661534e-09
0.031976266577302334,0.08314344646453369,0.0,0.0,0.0,0.0,0.669979512560218,0.3299708861232624,4.34125456027556e-11,2.0602270255760903e-05,2.863323558263762e-08,3.6143856868172667e-07,9.976930429124594e-06,3.312670569429594e-06,2.23635547050132e-09
0.03245778061329106,0.08314341463911815,0.0,0.0,0.0,0.0,0.6699788964269684,0.32997029421943364,4.409457711190597e-11,2.0910277617922525e-05,2.9508956442978745e-08,3.722821110430827e-07,1.043276216476837e-05,3.3623300831206572e-06,2.283541508472535e-09
0.03293929464927979,0.0831433822531463,0.0,0.0,0.0,0.0,0.6699782666719555,0.32996969831000567,4.477776014663168e-11,2.1218137892641593e-05,3.039843810533569e-08,3.832796822160358e-07,1.0902198431636243e-05,3.409248695930688e-06,2.3318211340091763e-09
0.03342080868526852,0.08314334929878192,0.0,0.0,0.0,0.0,0.6699776231044352,0.329969098283568,4.546207781630429e-11,2.1525846134881824e-05,3.1301703737413264e-08,3.944308274763659e-07,1.1385432650254724e-05,3.4534462439905516e-06,2.3812206934566486e-09
0.03390232272125725,0.08314331576821388,0.0,0.0,0.0,0.0,0.6699769655342276,0.3299684940154036,4.614751833104904e-11,2.1833397307058007e-05,3.221877597290598e-08,4.0573507836158854e-07,1.1882657731475904e-05,3.4949562251766025e-06,2.431766206169821e-09
0.034383836757245975,0.0831432816536568,0.0,0.0,0.0,0.0,0.6699762937717325,0.32996788536843824,4.683407057065183e-11,2.2140786278389123e-05,3.3149676926295126e-08,4.171919524504521e-07,1.2394066059537232e-05,3.53382485865442e-06,2.4834833750390355e-09
0.0348653507932347,0.08314324694735198,0.0,0.0,0.0,0.0,0.6699756076279487,0.32996727219427985,4.75217146600493e-11,2.2448007824772632e-05,3.409442805936388e-08,4.2880095314045065e-07,1.2919849474809503e-05,3.570110054434251e-06,2.536397566952778e-09
0.03534686482922343,0.08314321164156774,0.0,0.0,0.0,0.0,0.6699749069144909,0.3299666543343338,4.8210437119792226e-11,2.275505662839826e-05,3.5053050163029377e-08,4.405615693839419e-07,1.3460199256236065e-05,3.603880307756529e-06,2.5905338363107173e-09
0.03582837886521216,0.08314317572860071,0.0,0.0,0.0,0.0,0.6699741914436081,0.32996603162097304,4.890022952619574e-11,2.306192727693477e-05,3.6025563443382894e-08,4.524732755067333e-07,1.401530610350662e-05,3.635213538402019e-06,2.6459168840427576e-09
0.03630989290120089,0.08314313920077619,0.0,0.0,0.0,0.0,0.6699734610282023,0.3299654038787477,4.9591068684425805e-11,2.3368614263746358e-05,3.701198733753458e-08,4.6453553094572736e-07,1.4585360118862253e-05,3.6641958905223116e-06,2.702571113088438e-09
0.036791406937189616,0.08314310205044903,0.0,0.0,0.0,0.0,0.6699727154818468,0.32996477092561327,5.028293739898487e-11,2.3675111987715877e-05,3.801234043676674e-08,4.767477800646838e-07,1.5170550788661171e-05,3.690920513820315e-06,2.7605205366590537e-09
0.037272920973178345,0.08314306427000456,0.0,0.0,0.0,0.0,0.6699719546188059,0.3299641325741639,5.097583225788395e-11,2.3981414752332535e-05,3.902664069869959e-08,4.891094518502236e-07,1.577106696460633e-05,3.7154863402054456e-06,2.819788911591891e-09
0.03775443500916707,0.08314302585185937,0.0,0.0,0.0,0.0,0.6699711782540536,0.32996348863285,5.166972727731823e-11,2.4287516765865542e-05,4.0054905219771436e-08,5.016199598600582e-07,1.63870968447498e-05,3.7379968766086073e-06,2.880399522402521e-09
0.0382359490451558,0.08314298678846178,0.0,0.0,0.0,0.0,0.6699703862032931,0.32996283890716793,5.23645977348292e-11,2.4593412142220833e-05,4.109715001942027e-08,5.142787017372348e-07,1.701882795400138e-05,3.7585590240715534e-06,2.9423755126024334e-09
0.03871746308114453,0.08314294707229312,0.0,0.0,0.0,0.0,0.6699695782829767,0.32996218320080356,5.30604480492415e-11,2.489909489887871e-05,4.215339043908033e-08,5.270850593870231e-07,1.766644712473547e-05,3.7772819452300294e-06,3.0057393470518685e-09
0.03919897711713326,0.08314290669586848,0.0,0.0,0.0,0.0,0.669968754310327,0.3299615213167257,5.375725198928803e-11,2.5204558958175082e-05,4.3223640939025405e-08,5.400383981766888e-07,1.8330140476559034e-05,3.7942759807670416e-06,3.0705136676684343e-09
0.03963233974952311,0.08314286978640872,0.0,0.0,0.0,0.0,0.6699679988597669,0.3299609201765014,5.438516100027739e-11,2.5479284525754168e-05,4.419885581881312e-08,5.518215347298327e-07,1.8941361155804834e-05,3.8081837542257186e-06,3.1300346228641514e-09
0.04006570238191297,0.08314283233069916,0.0,0.0,0.0,0.0,0.6699672301272862,0.3299603137303891,5.501382088252128e-11,2.5753823384023403e-05,4.5185438497765805e-08,5.637227133335433e-07,1.9565886721049997e-05,3.820860705354051e-06,3.190731187435576e-09
0.040499065014302824,0.08314279432335644,0.0,0.0,0.0,0.0,0.6699664479813199,0.3299597018371282,5.564321186389855e-11,2.6028170904199727e-05,4.618339739861502e-08,5.757414368182408e-07,2.020385129186249e-05,3.8323858962322205e-06,3.252618901053164e-09
0.04093242764669268,0.08314275575902157,0.0,0.0,0.0,0.0,0.6699656522908598,0.3299590843572573,5.627331485538428e-11,2.63023223952627e-05,4.719273999479875e-08,5.87877197292694e-07,2.085538846877041e-05,3.842836917455239e-06,3.3157134240612325e-09
0.041365790279082534,0.08314271663236018,0.0,0.0,0.0,0.0,0.6699648429254655,0.3299584611535368,5.690412446409262e-11,2.6576273103983927e-05,4.821347308087573e-08,6.001294756318552e-07,2.15206313209391e-05,3.852289472646253e-06,3.3800298661950593e-09
0.04179915291147239,0.08314267693806324,0.0,0.0,0.0,0.0,0.6699640197552793,0.32995783209130697,5.7535621859527357e-11,2.6850018214879172e-05,4.924560275587919e-08,6.124977412475411e-07,2.2199712373671095e-05,3.860817026366021e-06,3.445582697536864e-09
0.042232515543862245,0.0831426366708473,0.0,0.0,0.0,0.0,0.6699631826510365,0.32995719703879695,5.8167792240568876e-11,2.7123552850481406e-05,5.028913424102071e-08,6.24981452015447e-07,2.289276359543458e-05,3.8684905011836194e-06,3.5123863233458234e-09
0.0426658781762521,0.08314259582545555,0.0,0.0,0.0,0.0,0.6699623314840817,0.3299565558673847,5.880062683231904e-11,2.739687207139551e-05,5.134407193083987e-08,6.375800542872259e-07,2.35999163846481e-05,3.875378024765196e-06,3.5804551304659706e-09
0.043099240808641956,0.08314255439665778,0.0,0.0,0.0,0.0,0.6699614661263785,0.3299559084518403,5.943410493652818e-11,2.7669970876707485e-05,5.2410419447991135e-08,6.502929826113015e-07,2.432130155664049e-05,3.881544692095795e-06,3.6498033568614352e-09
0.04353260344103181,0.0831425123792512,0.0,0.0,0.0,0.0,0.6699605864505251,0.3299552546704738,6.006820643130562e-11,2.79428442043108e-05,5.348817945812748e-08,6.631196599808879e-07,2.5057049330554833e-05,3.887052424512837e-06,3.720444718050794e-09
0.04396596607342167,0.08314246976806125,0.0,0.0,0.0,0.0,0.6699596923297658,0.3299545944052879,6.07029345283033e-11,2.821548693051646e-05,5.457735374588837e-08,6.760594977392176e-07,2.58072893161559e-05,3.891959824355982e-06,3.792392550784817e-09
0.04439932870581152,0.08314242655794148,0.0,0.0,0.0,0.0,0.6699587836380058,0.3299539275420163,6.1338268772237e-11,2.8487893870587436e-05,5.567794325687659e-08,6.891118950655231e-07,2.657215050039062e-05,3.8963221418106e-06,3.865660086261952e-09
0.04483269133820138,0.08314238274377467,0.0,0.0,0.0,0.0,0.6699578602498235,0.32995325397020847,6.197416824215625e-11,2.8760059780085713e-05,5.678994783105431e-08,7.022762388185561e-07,2.7351761233718347e-05,3.900191196852737e-06,3.94026031341927e-09
0.04526605397059123,0.08314233832047313,0.0,0.0,0.0,0.0,0.6699569220404846,0.3299525735832091,6.261063918169745e-11,2.9031979354400247e-05,5.7913366396858733e-08,7.15551903694209e-07,2.8146249216004033e-05,3.903615407047674e-06,4.016205858672938e-09
0.04569941660298109,0.0831422932829796,0.0,0.0,0.0,0.0,0.6699559688859573,0.3299518862781766,6.324769483465422e-11,2.930364722755094e-05,5.904819717379241e-08,7.289382525489839e-07,2.895574148302566e-05,3.906639776131261e-06,4.093509144870609e-09
0.046132779235370944,0.08314224762626718,0.0,0.0,0.0,0.0,0.6699550006629237,0.3299511919559902,6.388525061902871e-11,2.957505797545926e-05,6.019443687699435e-08,7.42434636080214e-07,2.9780364392615518e-05,3.909305991663104e-06,4.172182271144526e-09
0.0465661418677608,0.0831422013453404,0.0,0.0,0.0,0.0,0.6699540172487944,0.3299504905211638,6.452330162284328e-11,2.9846206116812435e-05,6.135208112647821e-08,7.5604039162058e-07,3.0620243610214176e-05,3.9116525185309966e-06,4.252237087139846e-09
0.046999504500150655,0.08314215443523568,0.0,0.0,0.0,0.0,0.6699530185217235,0.3299497818817776,6.516195407721023e-11,3.011708610670728e-05,6.252112547065577e-08,7.697548449899377e-07,3.147550409572827e-05,3.9137146770584335e-06,4.333685073755678e-09
0.04743286713254051,0.08314210689102236,0.0,0.0,0.0,0.0,0.6699520043606219,0.3299490659493683,6.580102220034284e-11,3.0387692344960343e-05,6.370156335200368e-08,7.835773097856947e-07,3.234627008842729e-05,3.915524755229088e-06,4.416537543639752e-09
0.047866229764930365,0.08314205870780164,0.0,0.0,0.0,0.0,0.6699509746451706,0.32994834263878814,6.644055429120355e-11,3.0658019176291214e-05,6.489338685883752e-08,7.975070858045542e-07,3.3232665092688276e-05,3.917112156322056e-06,4.50080558471238e-09
0.04829959239732022,0.08314200988070963,0.0,0.0,0.0,0.0,0.6699499292558375,0.3299476118680574,6.708058365452997e-11,3.092806088639405e-05,6.609658805013289e-08,8.115434596513729e-07,3.41348118626955e-05,3.918503556821613e-06,4.586499841418472e-09
0.048732955029710076,0.08314196040491553,0.0,0.0,0.0,0.0,0.6699488680738891,0.32994687355820945,6.772099660312197e-11,3.119781170419478e-05,6.731115726266731e-08,8.256857065572488e-07,3.5052832389263164e-05,3.919723065505608e-06,4.673630615417212e-09
0.04916631766209993,0.083141910275624,0.0,0.0,0.0,0.0,0.6699477909814062,0.3299461276331504,6.836181401876484e-11,3.146726580288457e-05,6.853708270654334e-08,8.399330905640915e-07,3.598684788504049e-05,3.920792371945291e-06,4.762207837001022e-09
0.04959968029448979,0.08314185948807518,0.0,0.0,0.0,0.0,0.6699466978612967,0.329945374019496,6.900316861491184e-11,3.1736417295048995e-05,6.9774353293953e-08,8.542848614933703e-07,3.693697877169553e-05,3.9217309181081015e-06,4.852241419745619e-09
0.05003304292687964,0.08314180803754428,0.0,0.0,0.0,0.0,0.6699455885973107,0.32994461264641384,6.964477334036713e-11,3.2005260246036895e-05,7.102295574325248e-08,8.687402537264558e-07,3.790334466293041e-05,3.922556055353706e-06,4.943740866381993e-09
0.0504664055592695,0.08314175591934354,0.0,0.0,0.0,0.0,0.669944463074056,0.3299438434454693,7.028674789337043e-11,3.227378866945385e-05,7.228287446035331e-08,8.832984899391322e-07,3.8886064347884124e-05,3.92328321007159e-06,5.0367151345168234e-09
0.05085643192842037,0.08314170843826134,0.0,0.0,0.0,0.0,0.6699434361067862,0.3299431444170482,7.086489476962837e-11,3.2515190334613924e-05,7.342646416915841e-08,8.964881818094321e-07,3.978459206056078e-05,3.923865201544808e-06,5.121660196236489e-09
0.05124645829757124,0.08314166040923486,0.0,0.0,0.0,0.0,0.6699423957938678,0.32994243894762176,7.144319959791239e-11,3.275632789412419e-05,7.457919550924124e-08,9.097599533314732e-07,4.069654729272858e-05,3.924387758704854e-06,5.207813302534067e-09
0.05163648466672211,0.08314161182892502,0.0,0.0,0.0,0.0,0.6699413420530199,0.32994172699168406,7.202181547217852e-11,3.299719686937608e-05,7.574105402841027e-08,9.23113214551418e-07,4.162201487456717e-05,3.924858757356357e-06,5.295180589077919e-09
0.05202651103587298,0.08314156269401911,0.0,0.0,0.0,0.0,0.6699402748025599,0.32994100850494434,7.260071943011963e-11,3.323779274961277e-05,7.691202624198415e-08,9.365473624316068e-07,4.256107905896475e-05,3.925285184963019e-06,5.383767752145947e-09
0.05237753476810877,0.08314151799570497,0.0,0.0,0.0,0.0,0.6699393026594062,0.32994035624735407,7.31218235961562e-11,3.345409179329004e-05,7.797368110705644e-08,9.487067477214271e-07,4.34179310829238e-05,3.9256359841056126e-06,5.464543633242269e-09
0.05272855850034455,0.08314147284312556,0.0,0.0,0.0,0.0,0.6699383194491111,0.3299396986341264,7.364307797402892e-11,3.367016262027343e-05,7.904269345541628e-08,9.609307049495057e-07,4.428592471282286e-05,3.925959692697706e-06,5.546315986493232e-09
0.05307958223258034,0.08314142723391933,0.0,0.0,0.0,0.0,0.6699373251134092,0.3299390356352027,7.416467510458367e-11,3.388600187265893e-05,8.011905196725483e-08,9.732187774990816e-07,4.51651201330338e-05,3.926259872803648e-06,5.629088651543934e-09
0.05343060596481612,0.0831413811657421,0.0,0.0,0.0,0.0,0.6699363195944475,0.32993836722114545,7.468631984152783e-11,3.410160617193024e-05,8.120274373143983e-08,9.855705045928168e-07,4.605557712881457e-05,3.926539689415128e-06,5.712865089845808e-09
0.05378162969705191,0.08314133463626809,0.0,0.0,0.0,0.0,0.6699353028347917,0.3299376933631012,7.520799403778761e-11,3.4316972123303156e-05,8.22937539281723e-08,9.979854189783521e-07,4.69573550807295e-05,3.926801947121269e-06,5.7976486603067214e-09
0.05413265342928769,0.0831412876431895,0.0,0.0,0.0,0.0,0.669934274777435,0.32993701403277814,7.57299652364751e-11,3.453209631114291e-05,8.339206943528303e-08,1.0104630444877674e-06,4.787051295436003e-05,3.927049120106259e-06,5.883442878047713e-09
0.054483677161523476,0.08314124018421598,0.0,0.0,0.0,0.0,0.669933235365801,0.3299363292024109,7.625200846713494e-11,3.474697529874306e-05,8.449767564029652e-08,1.0230029025573364e-06,4.879510929808779e-05,3.927283388627275e-06,5.9702510729576225e-09
0.05483470089375926,0.08314119225707631,0.0,0.0,0.0,0.0,0.6699321845437474,0.3299356388447244,7.677408429541555e-11,3.496160563017483e-05,8.561055625556858e-08,1.0356045101395986e-06,4.9731202240823916e-05,3.927506675368274e-06,6.058076148615205e-09
0.055185724625995046,0.08314114385951765,0.0,0.0,0.0,0.0,0.6699311222555726,0.32993494293291425,7.729632686285382e-11,3.517598382993075e-05,8.673069538922369e-08,1.0482673766578253e-06,5.0678849482131405e-05,3.927720670365482e-06,6.146920948295833e-09
0.05553674835823083,0.08314109498930652,0.0,0.0,0.0,0.0,0.669930048446019,0.32993424144063704,7.78186999336944e-11,3.539010640223821e-05,8.78580771711458e-08,1.0609910051062482e-06,5.16381082924061e-05,3.927926840622027e-06,6.236787995927529e-09
0.055887772090466616,0.08314104564422713,0.0,0.0,0.0,0.0,0.6699289630602792,0.32993353434198114,7.834099913010673e-11,3.560396983817905e-05,8.899268309412624e-08,1.0737748939961108e-06,5.260903550268293e-05,3.9281264590835124e-06,6.327679956828034e-09
0.0562387958227024,0.08314099582208384,0.0,0.0,0.0,0.0,0.6699278660440042,0.32993282161143933,7.886341528332066e-11,3.58175706089567e-05,9.013449504696587e-08,1.086618535520942e-06,5.3591687498403797e-05,3.92832063985962e-06,6.41959945869622e-09
0.056589819554938185,0.0831409455207058,0.0,0.0,0.0,0.0,0.669926757343363,0.32993210322393146,7.93859204702904e-11,3.60309051629672e-05,9.128349491599997e-08,1.0995214162725203e-06,5.45861201610356e-05,3.928510347493966e-06,6.512548726950598e-09
0.05694084328717397,0.08314089473792902,0.0,0.0,0.0,0.0,0.6699256369049151,0.32993137915470605,7.990844001775877e-11,3.6243969935229334e-05,9.243966292056888e-08,1.1124830194188062e-06,5.5592388991886336e-05,3.9286964251179275e-06,6.606529771567589e-09
0.057291867019409755,0.08314084347162042,0.0,0.0,0.0,0.0,0.6699245046756841,0.3299306493793737,8.043098645685837e-11,3.645676134526491e-05,9.360297879664548e-08,1.1255028211681488e-06,5.6610549039941503e-05,3.92887959926725e-06,6.701544516801485e-09
0.05764289075164554,0.08314079171963791,0.0,0.0,0.0,0.0,0.6699233606032463,0.32992991387397996,8.095355306604443e-11,3.6669275792391356e-05,9.477342189740575e-08,1.1385802914393094e-06,5.764065481461514e-05,3.929060455167584e-06,6.797594784526751e-09
0.057993914483881324,0.08314073947994238,0.0,0.0,0.0,0.0,0.6699222046355641,0.3299291726147859,8.147611838589362e-11,3.688150966570312e-05,9.595097041063859e-08,1.1517148948069807e-06,5.8682760448666146e-05,3.929239564953939e-06,6.89468222367179e-09
0.05834493821611711,0.0831406867504115,0.0,0.0,0.0,0.0,0.6699210367211239,0.32992842557846813,8.1998672056511e-11,3.7093459336011175e-05,9.713560199533343e-08,1.164906090732814e-06,5.973691956290276e-05,3.929417362727355e-06,6.992808345427601e-09
0.058695961948352894,0.08314063352902473,0.0,0.0,0.0,0.0,0.669919856808797,0.32992767274192875,8.252120993700789e-11,3.7305121163099454e-05,9.832729368971112e-08,1.1781533335588787e-06,6.080318540190428e-05,3.929594259334197e-06,7.09197450539327e-09
0.05904698568058868,0.0831405798136918,0.0,0.0,0.0,0.0,0.6699186648480986,0.32992691408249375,8.304371697298266e-11,3.751649148596351e-05,9.95260219859307e-08,1.1914560710825287e-06,6.188161058052249e-05,3.929770581466839e-06,7.192181809437502e-09
0.059398009412824464,0.08314052560245773,0.0,0.0,0.0,0.0,0.6699174607889976,0.3299261495777639,8.356617110601727e-11,3.77275666324174e-05,1.0073176230037543e-07,1.2048137455461707e-06,6.297224726951699e-05,3.9299466181375156e-06,7.29343129369957e-09
0.05974903314506025,0.08314047089327167,0.0,0.0,0.0,0.0,0.6699162445820558,0.3299253792057451,8.408856823525014e-11,3.793834291110945e-05,1.0194448929642424e-07,1.2182257950612048e-06,6.407514705902614e-05,3.930122565479195e-06,7.395723660110789e-09
0.06010005687729603,0.08314041568421504,0.0,0.0,0.0,0.0,0.6699150161782849,0.32992460294468834,8.461090661281332e-11,3.814881662038642e-05,1.0316417721222554e-07,1.2316916512644328e-06,6.519036109797279e-05,3.93029860946639e-06,7.499059641647001e-09
0.06045108060953182,0.08314035997331425,0.0,0.0,0.0,0.0,0.6699137755291902,0.32992382077310883,8.513316236938706e-11,3.835898404730818e-05,1.043907993692551e-07,1.2452107407088426e-06,6.631794005122569e-05,3.93047492835536e-06,7.603439835161242e-09
0.0608021043417676,0.08314030375864799,0.0,0.0,0.0,0.0,0.6699125225867963,0.32992303266984174,8.565530980627838e-11,3.8568841466672865e-05,1.0562432810406907e-07,1.258782484920552e-06,6.7457934073637e-05,3.930651651738875e-06,7.708864622663177e-09
0.06115312807400339,0.08314024703830919,0.0,0.0,0.0,0.0,0.6699112573036619,0.3299222386140007,8.617735724771421e-11,3.877838514075463e-05,1.0686473526927744e-07,1.272406299833837e-06,6.861039279536756e-05,3.930828908394537e-06,7.81533415463911e-09
0.06150415180623917,0.08314018981041499,0.0,0.0,0.0,0.0,0.6699099796328815,0.3299214385850445,8.669930587168848e-11,3.898761131928993e-05,1.0811199220168465e-07,1.2860815959617177e-06,6.977536532053108e-05,3.931006761414314e-06,7.922848413891706e-09
0.06185517553847496,0.08314013207310432,0.0,0.0,0.0,0.0,0.6699086895280868,0.3299206325626972,8.722109920887001e-11,3.9196516242026173e-05,1.0936606895984403e-07,1.2998077789751673e-06,7.095290022467675e-05,3.9311852863012176e-06,8.031407214027514e-09
0.06220619927071074,0.08314007382454563,0.0,0.0,0.0,0.0,0.6699073869435145,0.32991982052699337,8.774275311597806e-11,3.940509613726074e-05,1.1062693494142817e-07,1.3135842482938392e-06,7.21430454879845e-05,3.931364561011224e-06,8.141010247631129e-09
0.06255722300294653,0.08314001506289362,0.0,0.0,0.0,0.0,0.6699060718339175,0.32991900245827865,8.82642572418129e-11,3.9613347222225685e-05,1.1189455916203712e-07,1.3274103992679704e-06,7.334584858194386e-05,3.9315446207700165e-06,8.251657035307685e-09
0.0629082467351823,0.08313995578640954,0.0,0.0,0.0,0.0,0.6699047441545043,0.3299181783371181,8.878558601217313e-11,3.9821265708886375e-05,1.1316890942943071e-07,1.3412856220837033e-06,7.456135652948884e-05,3.931725514165218e-06,8.363347000957132e-09
0.06325927046741808,0.08313989599328728,0.0,0.0,0.0,0.0,0.6699034038610701,0.329917348144413,8.930672976599667e-11,4.002884779894262e-05,1.1444995281023885e-07,1.3552093019820364e-06,7.578961577475951e-05,3.9319072571887934e-06,8.476079286982162e-09
0.06361029419965386,0.08313983568179503,0.0,0.0,0.0,0.0,0.6699020509099713,0.3299165118613381,8.982768370550603e-11,4.023608968570432e-05,1.1573765583058404e-07,1.3691808184511181e-06,7.703067220836409e-05,3.93208988035104e-06,8.589853004351224e-09
0.06396131793188964,0.08313977485020158,0.0,0.0,0.0,0.0,0.6699006852581444,0.32991566946939255,9.034843023190102e-11,4.044298755397428e-05,1.1703198415705484e-07,1.3831995462826513e-06,7.82845711486145e-05,3.932273388328406e-06,8.70466687059207e-09
0.06431234166412542,0.08313971349682908,0.0,0.0,0.0,0.0,0.6698993068629793,0.32991482095029956,9.086895111061239e-11,4.064953758375367e-05,1.183329024456398e-07,1.397264856143112e-06,7.955135746542476e-05,3.932457793598735e-06,8.820519637453311e-09
0.0646633653963612,0.083139651619947,0.0,0.0,0.0,0.0,0.6698979156826055,0.3299139662861659,9.138923780758572e-11,4.085573594513832e-05,1.1964037486980764e-07,1.4113761122742272e-06,8.083107529774479e-05,3.932643104025335e-06,8.937409882314352e-09
0.06501438912859697,0.08313958921796982,0.0,0.0,0.0,0.0,0.6698965116756719,0.3299131054593649,9.19092829043994e-11,4.106157880332431e-05,1.209543647771978e-07,1.4255326740769617e-06,8.212376827139325e-05,3.932829326222872e-06,9.055335954488599e-09
0.06536541286083275,0.08313952628920562,0.0,0.0,0.0,0.0,0.6698950948015038,0.3299122384526299,9.242906463769112e-11,4.1267062314869786e-05,1.2227483447727475e-07,1.439733897424535e-06,8.342947934233995e-05,3.933016452710132e-06,9.174295988294609e-09
0.06571643659306853,0.08313946283211951,0.0,0.0,0.0,0.0,0.6698936650199067,0.3299113652489298,9.294856387921444e-11,4.1472182634506746e-05,1.2360174546345678e-07,1.453979132928201e-06,8.474825099133806e-05,3.933204484040999e-06,9.294287972992303e-09
0.0660674603253043,0.08313939884507378,0.0,0.0,0.0,0.0,0.6698922222913406,0.3299104858315847,9.346778251815378e-11,4.167693591004828e-05,1.2493505872709589e-07,1.4682677266689312e-06,8.60801250496505e-05,3.933393403490618e-06,9.415309688057245e-09
0.06641848405754008,0.08313933432657417,0.0,0.0,0.0,0.0,0.6698907665767745,0.32990960018414667,9.398671163894081e-11,4.1881318287913076e-05,1.2627473443503456e-07,1.4825990195939928e-06,8.742514284541206e-05,3.93358321899931e-06,9.537358911745958e-09
0.06676950778977586,0.08313926927505068,0.0,0.0,0.0,0.0,0.6698892978379015,0.3299087082905612,9.450530939747488e-11,4.208532590954532e-05,1.2762073151814922e-07,1.4969723484034508e-06,8.878334498661411e-05,3.933773913619498e-06,9.660433094185573e-09
0.06712053152201164,0.08313920368899323,0.0,0.0,0.0,0.0,0.6698878160369794,0.3299078101350563,9.502357965669973e-11,4.228895491364624e-05,1.2897300857586245e-07,1.5113870452626566e-06,9.015477152187483e-05,3.933965473074486e-06,9.784529501009182e-09
0.06747155525424742,0.08313913756697659,0.0,0.0,0.0,0.0,0.6698863211367658,0.3299069057021043,9.554152181121009e-11,4.249220143757094e-05,1.3033152325787012e-07,1.5258424386024588e-06,9.153946200322552e-05,3.934157891237358e-06,9.909645423408093e-09
0.0678225789864832,0.08313907090750863,0.0,0.0,0.0,0.0,0.6698848131006644,0.32990599497650935,9.605910607686966e-11,4.269506161719536e-05,1.3169623228684062e-07,1.540337852263885e-06,9.293745534039355e-05,3.934351155902865e-06,1.003577774892189e-08
0.06817360271871897,0.0831390037091774,0.0,0.0,0.0,0.0,0.6698832918926952,0.32990507794338114,9.657631373053769e-11,4.289753158843627e-05,1.330670916063364e-07,1.5548726049937444e-06,9.434878982942784e-05,3.934545259819337e-06,1.0162923523382171e-08
0.06852462645095475,0.08313893597059856,0.0,0.0,0.0,0.0,0.669881757477443,0.32990415458811573,9.7093146013968e-11,4.309960748608052e-05,1.3444405640772262e-07,1.5694460121286639e-06,9.577350320625095e-05,3.934740192808329e-06,1.0291079312604424e-08
0.06887565018319053,0.08313886769030845,0.0,0.0,0.0,0.0,0.6698802098203107,0.3299032248965304,9.760958448610107e-11,4.330128544314018e-05,1.3582708139319065e-07,1.5840573838183853e-06,9.721163239091897e-05,3.934935936953693e-06,1.0420241413634574e-08
0.0692266739154263,0.08313879886708543,0.0,0.0,0.0,0.0,0.6698786488870858,0.3299022888546259,9.812560788208956e-11,4.350256159547922e-05,1.3721611983325398e-07,1.5987060278986744e-06,9.866321392117706e-05,3.935132480992285e-06,1.0550406224997002e-08
0.06957769764766208,0.0831387294994975,0.0,0.0,0.0,0.0,0.6698770746443278,0.32990134644879116,9.864120849349013e-11,4.370343208043006e-05,1.3861112448559014e-07,1.6133912466186948e-06,0.00010012828356494691,3.93532981303312e-06,1.0681570021348499e-08
0.06992872137989786,0.08313865958632441,0.0,0.0,0.0,0.0,0.6698754870591742,0.3299003976656999,9.915638132846078e-11,4.390389303727339e-05,1.400120476003708e-07,1.6281123380132963e-06,0.00010160687651367385,3.935527924801619e-06,1.0813728802942559e-08
0.07027974511213364,0.08313858912622296,0.0,0.0,0.0,0.0,0.6698738860995239,0.3298994424924183,9.96711005534572e-11,4.410394060676525e-05,1.414188403031452e-07,1.6428685972280502e-06,0.00010309902719949572,3.935726796908298e-06,1.0946878405098177e-08
0.07063076884436942,0.08313851811802093,0.0,0.0,0.0,0.0,0.6698722717338128,0.3298984809162662,1.0018534264450131e-10,4.4303570933968464e-05,1.428314526314211e-07,1.6576593161069977e-06,0.00010460476951824759,3.935926422714282e-06,1.1081014331310048e-08
0.0709817925766052,0.08313844656044386,0.0,0.0,0.0,0.0,0.6698706439311622,0.3298975129249163,1.0069912056614389e-10,4.450278016684823e-05,1.442498343624298e-07,1.6724837820524228e-06,0.00010612413668078881,3.936126784891938e-06,1.12161320564019e-08
0.07133281630884097,0.08313837445234064,0.0,0.0,0.0,0.0,0.6698690026614122,0.329896538506401,1.0121240425590683e-10,4.4701564459009736e-05,1.4567393432034054e-07,1.6873412784739145e-06,0.0001076571611799322,3.936327862801785e-06,1.1352227025048745e-08
0.07168384004107675,0.08313830179250735,0.0,0.0,0.0,0.0,0.6698673478949958,0.329895557649039,1.0172517787791258e-10,4.489991996920001e-05,1.4710370047906067e-07,1.7022310858697476e-06,0.00010920387491517952,3.936529643416347e-06,1.1489294301686002e-08
0.07203486377331253,0.08313822857986557,0.0,0.0,0.0,0.0,0.6698656796028917,0.3298945703414199,1.0223743473136852e-10,4.509784286160024e-05,1.4853907990489432e-07,1.7171524819057166e-06,0.00011076430923945124,3.936732113208259e-06,1.1627329062860062e-08
0.07238588750554831,0.08313815481326585,0.0,0.0,0.0,0.0,0.6698639977567743,0.32989357657247476,1.027491594314778e-10,4.529532930671319e-05,1.4998001900553109e-07,1.7321047405293079e-06,0.0001123384948100513,3.936935261150258e-06,1.176632585580491e-08
0.07273691123778409,0.08313808049163993,0.0,0.0,0.0,0.0,0.6698623023289825,0.3298925763314659,1.0326033333375448e-10,4.549237548333041e-05,1.5142646340329383e-07,1.7470871316167543e-06,0.00011392646161793746,3.937139072477e-06,1.1906279781739056e-08
0.07308793497001986,0.083138005613948,0.0,0.0,0.0,0.0,0.6698605932924682,0.3298915696079548,1.0377094575835956e-10,4.568897757641228e-05,1.5287835782709162e-07,1.762098923103954e-06,0.00011552823904025282,3.937343536637567e-06,1.2047184929068855e-08
0.07343895870225564,0.08313793017911439,0.0,0.0,0.0,0.0,0.6698588706209375,0.3298905563918771,1.0428098292396276e-10,4.588513178048382e-05,1.5433564644852515e-07,1.7771393784731647e-06,0.00011714385569746452,3.937548639941812e-06,1.2189035671595416e-08
0.07378998243449142,0.08313785418612597,0.0,0.0,0.0,0.0,0.6698571342888772,0.32988953667355864,1.0479043033311364e-10,4.6080834300112e-05,1.5579827257049936e-07,1.7922077581320331e-06,0.00011877333942752809,3.937754362399714e-06,1.2331826377226199e-08
0.0741410061667272,0.08313777763411768,0.0,0.0,0.0,0.0,0.6698553842712184,0.3298885104435351,1.0529927383897458e-10,4.627608134677996e-05,1.5726617845830902e-07,1.8073033216828393e-06,0.0001204167176208792,3.937960692653896e-06,1.247555108554433e-08
0.07449202989896297,0.08313770052203506,0.0,0.0,0.0,0.0,0.669853620543572,0.32988747769267446,1.058074996687813e-10,4.647086914256222e-05,1.5873930596226677e-07,1.8224253247777542e-06,0.00012207401698614547,3.938167619594231e-06,1.262020354380648e-08
0.07484305363119875,0.08313762284899041,0.0,0.0,0.0,0.0,0.6698518430823875,0.32988643841226384,1.0631509382440951e-10,4.6665193923113944e-05,1.602175960909231e-07,1.8375730194043596e-06,0.00012374526338879984,3.938375123837434e-06,1.2765777554178807e-08
0.07519407736343453,0.08313754461411907,0.0,0.0,0.0,0.0,0.6698500518647764,0.32988539259391003,1.0682204189378356e-10,4.685905193474461e-05,1.6170098889129937e-07,1.8527456559224282e-06,0.00012543048202979124,3.938583189924456e-06,1.2912266614605117e-08
0.07554510109567031,0.08313746581654417,0.0,0.0,0.0,0.0,0.6698482468684884,0.32988434022952584,1.0732833001826531e-10,4.7052439435701866e-05,1.6318942381699376e-07,1.8679424822292868e-06,0.00012712969746600262,3.938791808304588e-06,1.3059664038439738e-08
0.07589612482790609,0.08313738645543049,0.0,0.0,0.0,0.0,0.6698464280719584,0.32988328131136474,1.0783394472628625e-10,4.724535269699729e-05,1.6468283970636732e-07,1.8831627435338214e-06,0.00012884293356624744,3.939000961814469e-06,1.3207963118721504e-08
0.07624714856014186,0.08313730652998351,0.0,0.0,0.0,0.0,0.6698445954542873,0.32988221583199406,1.0833887155449337e-10,4.7437788003309e-05,1.6618117445862966e-07,1.8984056831703022e-06,0.00013057021352703242,3.939210644363811e-06,1.3357156885882707e-08
0.07659817229237764,0.08313722603941866,0.0,0.0,0.0,0.0,0.6698427489952724,0.32988114378433003,1.0884309588187203e-10,4.762974165350461e-05,1.6768436519304872e-07,1.9136705422438274e-06,0.00013231155984448238,3.939420838402158e-06,1.3507238391542058e-08
0.07694919602461342,0.08313714498299883,0.0,0.0,0.0,0.0,0.6698408886754891,0.32988006516167195,1.0934660462738061e-10,4.7821209963381034e-05,1.6919234845340286e-07,1.928956559184775e-06,0.00013406699422938785,3.93963152142016e-06,1.3658200552307486e-08
0.0773002197568492,0.08313706335996707,0.0,0.0,0.0,0.0,0.6698390144761652,0.3298789799576258,1.0984938361909309e-10,4.801218926345121e-05,1.7070506008725342e-07,1.9442629706741072e-06,0.00013583653773440433,3.939842680069521e-06,1.3810035781348175e-08
0.07765124348908498,0.08313698116969845,0.0,0.0,0.0,0.0,0.6698371263791013,0.3298778881660758,1.1035141844768685e-10,4.820267589796013e-05,1.722224351020053e-07,1.9595890123959276e-06,0.0001376202108340968,3.9400542992351475e-06,1.3962736897108307e-08
0.07800226722132075,0.08313689841151514,0.0,0.0,0.0,0.0,0.6698352243667492,0.32987678978121754,1.1085269548893092e-10,4.8392666226604016e-05,1.7374440781298356e-07,1.974933918523354e-06,0.00013941803334545732,3.940266367822497e-06,1.411629606523616e-08
0.07835329095355653,0.0831368150846955,0.0,0.0,0.0,0.0,0.6698333084224841,0.32987568479769575,1.1135320081395626e-10,4.85821566326753e-05,1.7527091192635155e-07,1.9902969193178916e-06,0.000141230024153039,3.9404788706070605e-06,1.4270705213314363e-08
0.07870431468579231,0.08313673118877934,0.0,0.0,0.0,0.0,0.6698313785301513,0.32987457321037816,1.1185292031209929e-10,4.8771143511089085e-05,1.768018803609682e-07,2.005677245868741e-06,0.00014305620166501758,3.940691796427292e-06,1.442595655425258e-08
0.07905533841802809,0.08313664672303203,0.0,0.0,0.0,0.0,0.6698294346745213,0.32987345501458265,1.1235184015868706e-10,4.8959623282428155e-05,1.7833724540990254e-07,2.021074125554687e-06,0.0001448965833550399,3.940905127878406e-06,1.4582042170332355e-08
0.07940636215026387,0.0831365616870401,0.0,0.0,0.0,0.0,0.6698274768409024,0.32987233020587764,1.1284994655010236e-10,4.9147592381059125e-05,1.798769386515131e-07,2.0364867867674547e-06,0.00014675118615169755,3.9411188563090815e-06,1.4738953721663242e-08
0.07975738588249964,0.08313647608022885,0.0,0.0,0.0,0.0,0.6698255050152028,0.32987119878012533,1.1334722551526045e-10,4.933504725890421e-05,1.8142089108489573e-07,2.0519144561351315e-06,0.00014862002637651412,3.941332966672953e-06,1.4896682913998246e-08
0.08010840961473542,0.08313638990206702,0.0,0.0,0.0,0.0,0.6698235191842515,0.32987006073363556,1.1384366318841279e-10,4.9521984395731056e-05,1.829690329201873e-07,2.067356357800479e-06,0.00015050311941851066,3.941547436747644e-06,1.505522136835441e-08
0.0804594333469712,0.08313630315216743,0.0,0.0,0.0,0.0,0.6698215193355052,0.3298689160630054,1.1433924593079863e-10,4.9708400289185186e-05,1.8452129375060546e-07,2.0828117162570465e-06,0.0001524004800302953,3.941762258045798e-06,1.5214560308323586e-08
0.08081045707920698,0.08313621583002569,0.0,0.0,0.0,0.0,0.6698195054572054,0.32986776476521434,1.1483395988872135e-10,4.989429146141956e-05,1.860776026638883e-07,2.098279754192309e-06,0.0001543121221687367,3.941977414427445e-06,1.5374690938493015e-08
0.08116148081144275,0.08313612793528853,0.0,0.0,0.0,0.0,0.6698174775382533,0.32986660683755925,1.1532779122566419e-10,5.0079654456130436e-05,1.8763788800725724e-07,2.1137596942950873e-06,0.0001562380591211963,3.942192886389269e-06,1.5535604503835506e-08
0.08151250454367853,0.08313603946755865,0.0,0.0,0.0,0.0,0.6698154355682474,0.3298654422776666,1.1582072645171258e-10,5.0264485839384855e-05,1.8920207748786577e-07,2.1292507588775896e-06,0.0001581783034672955,3.942408657238795e-06,1.5697291991218672e-08
0.08186352827591431,0.08313595042650976,0.0,0.0,0.0,0.0,0.6698133795375524,0.3298642710835194,1.1631275179860336e-10,5.044878220301758e-05,1.907700982775055e-07,2.1447521696654886e-06,0.00016013286700825022,3.942624718040065e-06,1.585974408510535e-08
0.08221455200815009,0.08313586081178233,0.0,0.0,0.0,0.0,0.6698113094372025,0.3298630932534218,1.168038536408239e-10,5.063254016327705e-05,1.923418769329291e-07,2.1602631470921383e-06,0.00016210176086521542,3.94284105583127e-06,1.602295146675936e-08
0.08256557574038587,0.08313577062315416,0.0,0.0,0.0,0.0,0.6698092252588217,0.3298619087859566,1.1729401847096078e-10,5.0815756356226965e-05,1.9391733942907464e-07,2.175782912875046e-06,0.00016408499555891558,3.943057659150891e-06,1.6186904823699622e-08
0.08291659947262164,0.08313567986032012,0.0,0.0,0.0,0.0,0.6698071269947877,0.32986071768007025,1.1778323275453977e-10,5.099842744576435e-05,1.954964111826657e-07,2.1913106875589075e-06,0.00016608258084440078,3.9432745092116995e-06,1.6351594661416317e-08
0.08326762320485742,0.08313558852306606,0.0,0.0,0.0,0.0,0.6698050146381886,0.3298595199350357,1.1827148298391044e-10,5.118055012214738e-05,1.970790169636709e-07,2.2068456919720953e-06,0.0001680945257531725,3.9434915966056675e-06,1.651701142354985e-08
0.0836186469370932,0.08313549661120152,0.0,0.0,0.0,0.0,0.6698028881826921,0.32985831555040573,1.1875875575295943e-10,5.136212109718794e-05,1.9866508111095175e-07,2.2223871472067423e-06,0.0001701208387268546,3.9437089059289305e-06,1.668314539591524e-08
0.08396967066932898,0.08313540412448903,0.0,0.0,0.0,0.0,0.6698007476228889,0.3298571045261725,1.192450377138185e-10,5.1543137119497523e-05,2.0025452722249027e-07,2.237934273321475e-06,0.00017216152726667584,3.9439264171599106e-06,1.6849986574188508e-08
0.08432069440156476,0.08313531106286276,0.0,0.0,0.0,0.0,0.6697985929540057,0.32985588686261813,1.1973031551956542e-10,5.1723594961693105e-05,2.0184727846085395e-07,2.2534862920196054e-06,0.00017421659822540838,3.944144120106093e-06,1.7017525116523588e-08
0.08467171813380053,0.0831352174261361,0.0,0.0,0.0,0.0,0.6697964241720609,0.3298546625604018,1.202145759136059e-10,5.1903491428678276e-05,2.0344325764684688e-07,2.2690424242427147e-06,0.00017628605764923377,3.9443619994360295e-06,1.7185750850129758e-08
0.08502274186603631,0.08313512321427337,0.0,0.0,0.0,0.0,0.669794241273732,0.329853431620494,1.2069780574033135e-10,5.208282335236541e-05,2.0504238694835465e-07,2.2846018925864917e-06,0.00017836991091130794,3.94458003772062e-06,1.735465341549486e-08
0.08537376559827209,0.0831350284271924,0.0,0.0,0.0,0.0,0.6697920442564015,0.329852194044193,1.2117999186389936e-10,5.226158759424161e-05,2.0664458798921372e-07,2.300163920272158e-06,0.00018046816266493437,3.944798220467861e-06,1.7524222664424423e-08
0.08572478933050787,0.08313493306489061,0.0,0.0,0.0,0.0,0.6697898331181951,0.3298509498331434,1.216611211807125e-10,5.2439781047476414e-05,2.0824978205082055e-07,2.315727731820098e-06,0.00018258081680434864,3.945016534629148e-06,1.7694448144105586e-08
0.08607581306274364,0.08313483712731876,0.0,0.0,0.0,0.0,0.6697876078579154,0.32984969898930394,1.2214118072459257e-10,5.2617400636702214e-05,2.098578898385523e-07,2.3312925512643994e-06,0.0001847078765319026,3.945234967939872e-06,1.786531928729072e-08
0.08642683679497942,0.08313474061457381,0.0,0.0,0.0,0.0,0.6697853684749522,0.3298484415149092,1.2262015758378925e-10,5.279444331096795e-05,2.1146883172428953e-07,2.3468576054910544e-06,0.00018684934444942046,3.9454535075003065e-06,1.803682565504892e-08
0.0867778605272152,0.08313464352666614,0.0,0.0,0.0,0.0,0.6697831149694446,0.3298471774125455,1.2309803885825976e-10,5.2970906054072294e-05,2.130825276362073e-07,2.3624221214004006e-06,0.00018900522239254124,3.945672137225146e-06,1.820895638627911e-08
0.08712888425945098,0.08313454586369794,0.0,0.0,0.0,0.0,0.6697808473422358,0.3298459066851219,1.235748117534807e-10,5.314678588271381e-05,2.1469889692125043e-07,2.3779853275539623e-06,0.00019117551147636422,3.945890845659659e-06,1.8381701030412456e-08
0.08747990799168676,0.08313444762579768,0.0,0.0,0.0,0.0,0.6697785655948163,0.3298446293358544,1.240504635795438e-10,5.3322079842699565e-05,2.163178587357622e-07,2.393546454403154e-06,0.00019336021215286323,3.946109615949709e-06,1.8555048339804537e-08
0.08783093172392253,0.08313434881305759,0.0,0.0,0.0,0.0,0.6697762697294681,0.3298433453683223,1.2452498168141645e-10,5.349678501963019e-05,2.1793933148984912e-07,2.4091047328506186e-06,0.00019555932406314057,3.9463284345623895e-06,1.8728987355326875e-08
0.08818195545615831,0.08313424942563508,0.0,0.0,0.0,0.0,0.6697739597492876,0.32984205478648126,1.2499835349997845e-10,5.3670898540207516e-05,2.1956323330907509e-07,2.4246593940421633e-06,0.000197772846014514,3.946547286950088e-06,1.89035072200594e-08
0.08853297918839409,0.0831341494638386,0.0,0.0,0.0,0.0,0.6697716356578302,0.32984075759450265,1.2547056656638366e-10,5.3844417549205384e-05,2.211894825708599e-07,2.440209674422878e-06,0.00020000077634179433,3.946766158708457e-06,1.9078596763200292e-08
0.08888400292062987,0.0831340489277884,0.0,0.0,0.0,0.0,0.6697692974594455,0.3298394537969199,1.2594160848629178e-10,5.401733923398791e-05,2.2281799651147205e-07,2.455754811392775e-06,0.00020224311256612947,3.9469850381836924e-06,1.925424457967989e-08
0.08923502665286565,0.08313394781776347,0.0,0.0,0.0,0.0,0.6697669451591287,0.32983814339856565,1.2641146693942138e-10,5.418966081586833e-05,2.2444869226645374e-07,2.471294042742945e-06,0.00020449985154560524,3.94720391204417e-06,1.943043926942311e-08
0.08958605038510142,0.0831338461340564,0.0,0.0,0.0,0.0,0.6697645787626557,0.32983682640463363,1.2688012971100444e-10,5.436137955667176e-05,2.2608148671747903e-07,2.486826609007165e-06,0.0002067709893363561,3.9474227649926935e-06,1.9607169721019587e-08
0.0899370741173372,0.08313374387698765,0.0,0.0,0.0,0.0,0.6697621982764774,0.32983550282062907,1.2734758466993172e-10,5.453249275222202e-05,2.2771629659873875e-07,2.502351753857034e-06,0.00020905652130081003,3.947641582226211e-06,1.978442433804318e-08
0.09028809784957298,0.08313364104688051,0.0,0.0,0.0,0.0,0.6697598037077233,0.32983417265236664,1.2781381978492653e-10,5.470299773531889e-05,2.2935303811543038e-07,2.517868723505251e-06,0.00021135644210378747,3.947860350151016e-06,1.996219151139976e-08
0.09063912158180876,0.08313353764410773,0.0,0.0,0.0,0.0,0.6697573950641952,0.32983283590596935,1.2827882311418946e-10,5.487289187689345e-05,2.3099162720939078e-07,2.5333767659502364e-06,0.00021367074571835277,3.948079054056983e-06,2.0140460025176636e-08
0.09099014531404453,0.08313343366906194,0.0,0.0,0.0,0.0,0.6697549723543703,0.3298314925878664,1.287425827998901e-10,5.50421725844397e-05,2.3263197971200464e-07,2.548875131967299e-06,0.00021599942542204002,3.948297683027845e-06,2.0319217869546125e-08
0.09134116904628031,0.08313332912217254,0.0,0.0,0.0,0.0,0.6697525355874847,0.3298301427048366,1.2920508710675683e-10,5.5210837308060046e-05,2.342740111256589e-07,2.5643630756895487e-06,0.00021834247371139667,3.948516223627684e-06,2.0498453313826397e-08
0.09169219277851609,0.08313322400385179,0.0,0.0,0.0,0.0,0.6697500847734157,0.3298287862639511,1.2966632437790217e-10,5.537888353700808e-05,2.3591763655781393e-07,2.579839852224149e-06,0.00022069988242149184,3.948734660618193e-06,2.0678154782512308e-08
0.09204321651075187,0.08313311831466233,0.0,0.0,0.0,0.0,0.6697476199225342,0.3298274232725078,1.301262830519226e-10,5.554630878446285e-05,2.3756277148974213e-07,2.59530472248558e-06,0.0002230716428793042,3.948952979650454e-06,2.0858310406714672e-08
0.09239424024298765,0.08313301205502084,0.0,0.0,0.0,0.0,0.6697451410459904,0.3298260537381544,1.3058495168056967e-10,5.5713110612537325e-05,2.3920933044150696e-07,2.610756949225224e-06,0.00022545774560732892,3.949171169849278e-06,2.103890812113367e-08
0.09274526397522342,0.08313290522545065,0.0,0.0,0.0,0.0,0.6697426481557351,0.32982467766890355,1.310423189167307e-10,5.587928663361113e-05,2.408572278196614e-07,2.6261957960719185e-06,0.00022785818030251527,3.949389217243605e-06,2.1219936007705098e-08
0.0930962877074592,0.08313279782659236,0.0,0.0,0.0,0.0,0.6697401412642269,0.32982329507299646,1.314983735231117e-10,5.6044834485728464e-05,2.425063785364844e-07,2.64162053347957e-06,0.00023027293613724073,3.949607112425195e-06,2.1401381981308048e-08
0.09344731143969498,0.08313268985896209,0.0,0.0,0.0,0.0,0.6697376203846385,0.3298219059590097,1.3195310436166818e-10,5.6209751853553865e-05,2.441566970983754e-07,2.657030432843859e-06,0.00023270200154603294,3.949824832489802e-06,2.1583234361785788e-08
0.09379833517193076,0.08313258132322304,0.0,0.0,0.0,0.0,0.6697350855307165,0.3298205103357636,1.3240650041502645e-10,5.637403645466907e-05,2.458080976596589e-07,2.6724247721382617e-06,0.00023514536437059888,3.950042371832003e-06,2.176548071999683e-08
0.09414935890416654,0.08313247221995149,0.0,0.0,0.0,0.0,0.6697325367169553,0.32981910821242083,1.3285855077360945e-10,5.6537686057136364e-05,2.4746049395383063e-07,2.687802830716806e-06,0.000237603011679073,3.950259718182976e-06,2.1948108974237312e-08
0.09450038263640231,0.08313236254980058,0.0,0.0,0.0,0.0,0.669729973958616,0.3298176995984948,1.3330924463931374e-10,5.670069848063571e-05,2.491137998201715e-07,2.703163889343715e-06,0.00024007492974612742,3.950476852946845e-06,2.2131107238425318e-08
0.09485140636863809,0.08313225231355893,0.0,0.0,0.0,0.0,0.6697273972713415,0.3298162845036639,1.3375857131305854e-10,5.686307156290874e-05,2.5076792994795186e-07,2.718507236015613e-06,0.00024256110445147286,3.9506937674493096e-06,2.231446305285684e-08
0.09520243010087387,0.08313214151184206,0.0,0.0,0.0,0.0,0.6697248066715374,0.3298148629379564,1.3420652023969414e-10,5.702480319397334e-05,2.5242279779028864e-07,2.7338321635339504e-06,0.0002450615208842217,3.9509104453686425e-06,2.2498164320062923e-08
0.09555345383310965,0.08313203014542764,0.0,0.0,0.0,0.0,0.6697222021763396,0.32981343491172266,1.3465308097913945e-10,5.718589131423371e-05,2.5407831693796854e-07,2.749137966929166e-06,0.000247576163377802,3.9511268738315176e-06,2.268219878510266e-08
0.09590447756534543,0.0831319182150871,0.0,0.0,0.0,0.0,0.6697195838034965,0.32981200043558195,1.350982432041505e-10,5.734633390474523e-05,2.557344013397031e-07,2.764423945282971e-06,0.0002501050156295113,3.9513430471362865e-06,2.2866553801286447e-08
0.0962555012975812,0.08313180572160023,0.0,0.0,0.0,0.0,0.6697169515713915,0.3298105595204469,1.35541996707473e-10,5.7506128990282426e-05,2.573909648758384e-07,2.7796894015385675e-06,0.00025264806067813316,3.951558948898147e-06,2.3051217366025203e-08
0.09660652502981698,0.08313169266579934,0.0,0.0,0.0,0.0,0.6697143054990075,0.3298091121774937,1.3598433141162317e-10,5.766527463582445e-05,2.5904792122237215e-07,2.7949336446397184e-06,0.0002552052809403274,3.95177456783802e-06,2.323617702702864e-08
0.09695754876205276,0.08313157904852886,0.0,0.0,0.0,0.0,0.6697116456060139,0.32980765841820736,1.3642523737767784e-10,5.7823768954521204e-05,2.60705184177184e-07,2.810155988623782e-06,0.0002577766581191908,3.951989889187755e-06,2.3421420559266986e-08
0.09730857249428854,0.08313146487062409,0.0,0.0,0.0,0.0,0.6697089719126774,0.32980619825433477,1.368647047682668e-10,5.798161010524057e-05,2.623626673480545e-07,2.8253557492319405e-06,0.0002603621732971316,3.952204901128589e-06,2.3606935621957917e-08
0.0980106199587601,0.08313123483669974,0.0,0.0,0.0,0.0,0.6697035832095926,0.3298032587614049,1.3773928529447446e-10,5.829532577547833e-05,2.6567795167885256e-07,2.855684823906754e-06,0.000265575538287975,3.952633946049668e-06,2.3978730648465312e-08
0.09864246267678452,0.08313102589808583,0.0,0.0,0.0,0.0,0.6696986863950395,0.3298005914373004,1.3852139182821982e-10,5.857541842092237e-05,2.686615981600934e-07,2.8828970087722917e-06,0.000270315716388228,3.953018906265805e-06,2.4314150376993434e-08
0.09927430539480893,0.08313081515775558,0.0,0.0,0.0,0.0,0.6696937452095799,0.32979790355701466,1.392986903153814e-10,5.8853368099523383e-05,2.716446213678301e-07,2.9100256303720877e-06,0.00027510137928574494,3.953402677412872e-06,2.4650256863365077e-08
0.09990614811283334,0.08313060262161329,0.0,0.0,0.0,0.0,0.6696887597930509,0.32979519519863015,1.4007112810804612e-10,5.912916566663228e-05,2.746265220565053e-07,2.9370668846693635e-06,0.00027993239411721287,3.953785190754336e-06,2.4986977846174552e-08
0.09999999999999998,0.08313038829586358,0.0,0.0,0.0,0.0,0.6696880155113122,0.32979479116593363,1.401854457902087e-10,5.916994764693086e-05,2.7506931784713025e-07,2.9410758243518156e-06,0.0002806538375430903,3.953841896675412e-06,2.5037041296080993e-08
0.10053799083085775,0.08313038829586358,0.0,0.0,0.0,0.0,0.6696837302915195,0.3297924664429648,1.4083865399503923e-10,5.940280246150404e-05,2.7760680250685944e-07,2.9640170244827e-06,0.0002848086215171625,3.954166379326464e-06,2.532424098140324e-08
0.10116983354888216,0.08313017218694238,0.0,0.0,0.0,0.0,0.6696786568571444,0.3297897173735035,1.4160121821072082e-10,5.967427030739269e-05,2.80584966980864e-07,2.990872360294014e-06,0.00028972991575563914,3.954546176542903e-06,2.566197416123472e-08
0.10180167626690657,0.08312995430150846,0.0,0.0,0.0,0.0,0.6696735396473925,0.3297869480760487,1.4235877229364718e-10,5.994356145719232e-05,2.83560521613341e-07,3.0176292560961378e-06,0.0002946961255513904,3.954924515520891e-06,2.6000105410084915e-08
0.10243351898493099,0.08312973464640194,0.0,0.0,0.0,0.0,0.6696683788262087,0.32978415863921096,1.4311126938050816e-10,6.021066870383208e-05,2.8653297407800575e-07,3.0442841387275882e-06,0.0002997070928419638,3.955301338968051e-06,2.6338562610668676e-08
0.1030653617029554,0.0831295132289456,0.0,0.0,0.0,0.0,0.6696631745639945,0.3297813491544178,1.438586642836641e-10,6.04755853749994e-05,2.895018393834366e-07,3.070833507099008e-06,0.0003047626527973602,3.955676577920384e-06,2.6677274354535175e-08
0.10369720442097981,0.08312929005638565,0.0,0.0,0.0,0.0,0.6696579270366124,0.32977851971544964,1.4460091329398115e-10,6.0738305279635975e-05,2.9246663172637234e-07,3.097273921727481e-06,0.00030986263485627936,3.9560501645004035e-06,2.7016169906285174e-08
0.10432904713900422,0.08312906513636062,0.0,0.0,0.0,0.0,0.6696526364251668,0.3297756704183266,1.4533797409481875e-10,6.099882269472676e-05,2.9542686947629273e-07,3.1236019986415617e-06,0.0003150068629493893,3.956422045685326e-06,2.735517783164813e-08
0.10496088985702863,0.08312883847665883,0.0,0.0,0.0,0.0,0.6696473029160713,0.32977280136135007,1.4606980590382663e-10,6.12571323784675e-05,2.983820735201751e-07,3.14981442094526e-06,0.0003201951554218508,3.956792161423416e-06,2.769422910067998e-08
0.10559273257505304,0.08312861008536622,0.0,0.0,0.0,0.0,0.6696419267019336,0.3297699126454695,1.4679636970185925e-10,6.151322965179205e-05,3.013317736466611e-07,3.175907948885705e-06,0.00032542732409561735,3.957160456496266e-06,2.8033251509639244e-08
0.106161391021275,0.08312840305947011,0.0,0.0,0.0,0.0,0.669637051758835,0.3297672960776318,1.474457417291878e-10,6.174182202802031e-05,3.0398140848445665e-07,3.199287836937353e-06,0.00033017363110244945,3.957490316464237e-06,2.833829002461654e-08
0.10673004946749697,0.08312819464359518,0.0,0.0,0.0,0.0,0.6696321425312722,0.32976466374577873,1.4809078973180068e-10,6.19686161229567e-05,3.066258643914683e-07,3.2225665714720458e-06,0.00033495517747219504,3.957818611740503e-06,2.8643199584584514e-08
0.10729870791371893,0.08312798484440286,0.0,0.0,0.0,0.0,0.6696271991697109,0.3297620157277668,1.487314883513915e-10,6.219360949099144e-05,3.092648055713084e-07,3.245741926974405e-06,0.00033977181541026237,3.958145302349977e-06,2.894793020138736e-08
0.10786736635994089,0.08312777366804283,0.0,0.0,0.0,0.0,0.66962222182795,0.3297593521028555,1.493678132981716e-10,6.241680001772175e-05,3.1189789947007473e-07,3.2688117258878993e-06,0.00034462339359640206,3.9584703495119215e-06,2.9252432166742742e-08
0.10843602480616285,0.08312756112110149,0.0,0.0,0.0,0.0,0.6696172106629991,0.32975667295165095,1.4999974133617313e-10,6.263818591442596e-05,3.145248169347907e-07,3.291773838095464e-06,0.000349509757309447,3.958793715176938e-06,2.9556656310152447e-08
0.10900468325238481,0.08312734721032404,0.0,0.0,0.0,0.0,0.6696121658344947,0.3297539783558577,1.506272501205013e-10,6.285776566198778e-05,3.1714523191744295e-07,3.3146261748069538e-06,0.00035443074904304805,3.959115361898652e-06,2.986055390677134e-08
0.10957334169860677,0.08312713194220966,0.0,0.0,0.0,0.0,0.6696070875057725,0.3297512683987198,1.512503185672828e-10,6.307553813158915e-05,3.1975882276684186e-07,3.337366703851293e-06,0.00035938620736345904,3.959435253187741e-06,3.0164076819902484e-08
0.11014200014482874,0.0831269153239337,0.0,0.0,0.0,0.0,0.6696019758430812,0.32974854316468893,1.518689266250383e-10,6.329150250568209e-05,3.2236527181877306e-07,3.359993441128456e-06,0.00036437596774068615,3.959753353407028e-06,3.0467177390076285e-08
0.1107106585910507,0.08312669736229208,0.0,0.0,0.0,0.0,0.6695968310156845,0.3297458027394596,1.5248305532536784e-10,6.350565829907928e-05,3.249642655758006e-07,3.3825044518032375e-06,0.00036939986243456394,3.960069627826239e-06,3.0769808477615735e-08
0.11184797548349464,0.08312625743790918,0.0,0.0,0.0,0.0,0.6695864425567506,0.32974027666347183,1.5369780374503755e-10,6.392854366618157e-05,3.3013865262665297e-07,3.4271717919376983e-06,0.0003795493700204113,3.960696564508915e-06,3.1373476276310636e-08
0.11298529237593857,0.08312581222722967,0.0,0.0,0.0,0.0,0.6695759235360018,0.3297346908779474,1.548944324023277e-10,6.434419637902295e-05,3.3527955824256716e-07,3.4713542116540724e-06,0.0003898333316989787,3.961315802469235e-06,3.197471392788857e-08
0.11412260926838251,0.083125361790351,0.0,0.0,0.0,0.0,0.6695652754025447,0.3297290461071158,1.5607282681882128e-10,6.475262357137163e-05,3.4038462874661914e-07,3.515038011503424e-06,0.00040025030400032177,3.961927095161753e-06,3.257316486121058e-08
0.11525992616082645,0.08312490618862894,0.0,0.0,0.0,0.0,0.6695544996450382,0.32972334309107754,1.572328891118948e-10,6.51538372390135e-05,3.454515888206064e-07,3.5582102927288864e-06,0.0004107988009920668,3.962530210255696e-06,3.316848272566023e-08
0.11639724305327039,0.08312444548486218,0.0,0.0,0.0,0.0,0.6695435977883539,0.3297175825842544,1.5837453782048052e-10,6.554785407815308e-05,3.504782356287427e-07,3.600858971291294e-06,0.00042147729769998355,3.963124929797374e-06,3.376033158956723e-08
0.11753455994571432,0.08312397974321571,0.0,0.0,0.0,0.0,0.6695325713909395,0.329711765354136,1.5949770742174434e-10,6.593469539802236e-05,3.5546245862322054e-07,3.6429727429247996e-06,0.00043228423278414435,3.963711049824908e-06,3.434838689519776e-08
0.11867187683815826,0.083123509029169,0.0,0.0,0.0,0.0,0.6695214220432666,0.32970589218053503,1.6060234901799074e-10,6.63143870691558e-05,3.604022099045637e-07,3.684541168381452e-06,0.000443218010105274,3.964288380988452e-06,3.493233498749839e-08
0.1198091937306022,0.08312303340935083,0.0,0.0,0.0,0.0,0.669510151365863,0.3296999638546679,1.6168842900636648e-10,6.668695944331496e-05,3.652955612456649e-07,3.72555454459964e-06,0.00045427700073916914,3.96485674754839e-06,3.551187522947505e-08
0.12081722248844738,0.08312260781064557,0.0,0.0,0.0,0.0,0.669500061819203,0.3296946639905867,1.6263551447419923e-10,6.701125491716432e-05,3.6959235848880974e-07,3.7614344698962702e-06,0.0004641821624289535,3.965352879123853e-06,3.6021617112002846e-08
0.12182525124629257,0.08312217845914721,0.0,0.0,0.0,0.0,0.6694898794193231,0.3296893219947976,1.635680024968227e-10,6.733001177704536e-05,3.738500029128036e-07,3.796865775393891e-06,0.0004741832101153891,3.965841738456352e-06,3.652747605218747e-08
0.12283328000413775,0.0831217454030454,0.0,0.0,0.0,0.0,0.6694796053444668,0.3296839384364633,1.644858999971724e-10,6.764325938997645e-05,3.7806731817375707e-07,3.831843298042763e-06,0.00048427895462957985,3.966323230679721e-06,3.702926703879804e-08
0.12384130876198293,0.08312130869111697,0.0,0.0,0.0,0.0,0.6694692407852226,0.32967851388895353,1.6538922290675907e-10,6.795102952875107e-05,3.822431841043119e-07,3.866362356063685e-06,0.0004944681929578468,3.966797269671218e-06,3.752681283764607e-08
0.12484933751982812,0.08312086837263927,0.0,0.0,0.0,0.0,0.6694587869438458,0.32967304892954963,1.6627799592516169e-10,6.825335631639686e-05,3.8637654263651286e-07,3.900418734063839e-06,0.0005047497089487772,3.967263776982231e-06,3.8019944807360036e-08
0.1258573662776733,0.08312042449726743,0.0,0.0,0.0,0.0,0.6694482450333809,0.32966754413906196,1.6715225264911972e-10,6.855027614859782e-05,3.904663826821939e-07,3.934008713090976e-06,0.0005151222742310131,3.967722683278771e-06,3.8508501645337324e-08
0.12686539503551847,0.08311997711490864,0.0,0.0,0.0,0.0,0.6694376162759684,0.3296620001010706,1.6801203474859866e-10,6.88418275882447e-05,3.9451176334987383e-07,3.967129002705941e-06,0.0005255846499682697,3.968173926248807e-06,3.899233094524012e-08
0.12787342379336364,0.08311952627588218,0.0,0.0,0.0,0.0,0.6694269019017416,0.32965641740142865,1.6885739221264946e-10,6.912805128822504e-05,3.985117944676545e-07,3.999776783323157e-06,0.0005361355880010427,3.968617451761829e-06,3.9471288179937805e-08
0.1288814525512088,0.08311907203072581,0.0,0.0,0.0,0.0,0.6694161031478058,0.3296507966278103,1.696883829673567e-10,6.940898991839821e-05,4.024656444971077e-07,4.031949679940306e-06,0.0005467738319079846,3.969053213864002e-06,3.9945236769862926e-08
0.12988948130905398,0.08311861443010223,0.0,0.0,0.0,0.0,0.6694052212567864,0.32964513836907217,1.7050507253821826e-10,6.968468805478024e-05,4.063725397865158e-07,4.063645747960579e-06,0.0005574981185215484,3.969481173685782e-06,4.0414048467841366e-08
0.13089751006689915,0.08311815352487041,0.0,0.0,0.0,0.0,0.6693942574755926,0.3296394432147147,1.7130753367592675e-10,6.995519207746948e-05,4.1023176799871997e-07,4.094863453843315e-06,0.0005683071792216024,3.969901299867201e-06,4.0877603218756555e-08
0.13190553882474432,0.08311768936602668,0.0,0.0,0.0,0.0,0.6693832130545435,0.3296337117545069,1.720958463517908e-10,7.022055009147235e-05,4.140426678748894e-07,4.125601690119444e-06,0.000579199740851407,3.970313567893825e-06,4.133578891876694e-08
0.1329135675825895,0.08311722200465196,0.0,0.0,0.0,0.0,0.669372089246517,0.3296279445781159,1.7287009720915737e-10,7.048081185673766e-05,4.178046440086946e-07,4.155859731563964e-06,0.0005901745266113609,3.970717960343331e-06,4.178850188099971e-08
0.13392159634043466,0.08311675149178513,0.0,0.0,0.0,0.0,0.6693608873057016,0.3296221422745688,1.7363037973550278e-10,7.073602867857027e-05,4.2151714252634954e-07,4.185637274107145e-06,0.0006012302573658074,3.97111446684063e-06,4.223564552340266e-08
0.13492962509827983,0.08311627787856005,0.0,0.0,0.0,0.0,0.6693496084867482,0.32961630543188486,1.743767934947117e-10,7.098625333729698e-05,4.2517967543456537e-07,4.214934368567231e-06,0.0006123656525367783,3.971503083393114e-06,4.267713141162948e-08
0.135937653856125,0.0831158012160233,0.0,0.0,0.0,0.0,0.669338254043874,0.3296104346366968,1.751094441282774e-10,7.123154000166163e-05,4.2879180831480293e-07,4.2437514367643705e-06,0.000623579431045375,3.971883811964637e-06,4.3112879262836006e-08
0.13694568261397017,0.08311532155507437,0.0,0.0,0.0,0.0,0.6693268252295949,0.32960453047370775,1.758284429509371e-10,7.147194411060273e-05,4.32353159287864e-07,4.272089253104934e-06,0.0006348703126515242,3.972256661407422e-06,4.35428160306245e-08
0.13795371137181534,0.08311483894651502,0.0,0.0,0.0,0.0,0.6693153232937021,0.3295985935252625,1.7653390676863357e-10,7.170752227354629e-05,4.35863392301986e-07,4.2999489427390405e-06,0.0006462370190321061,3.972621645660406e-06,4.3966875858787226e-08
0.1389617401296605,0.08311435344102552,0.0,0.0,0.0,0.0,0.6693037494826063,0.32959262437107006,1.7722595730049867e-10,7.19383322031734e-05,4.393222317529818e-07,4.327331938544833e-06,0.0006576782744797658,3.972978785062234e-06,4.4385000377527326e-08
0.13996976888750567,0.08311386508906636,0.0,0.0,0.0,0.0,0.6692921050386034,0.3295866235879032,1.7790472142917817e-10,7.216443263323788e-05,4.427294410058912e-07,4.354240015229925e-06,0.0006691928066806379,3.973328104961941e-06,4.479713792757357e-08
0.14097779764535084,0.08311337394094911,0.0,0.0,0.0,0.0,0.6692803911992854,0.32958059174934967,1.7857033038419694e-10,7.23858832630074e-05,4.4608484526079126e-07,4.38067522540579e-06,0.0006807793473413737,3.973669635849467e-06,4.520324454335074e-08
0.141985826403196,0.0831128800465886,0.0,0.0,0.0,0.0,0.6692686091963227,0.3295745294253049,1.7922292001454562e-10,7.260274462608457e-05,4.493883026571345e-07,4.40663993982973e-06,0.0006924366334818832,3.97400341370374e-06,4.560328211931568e-08
0.14299385516104118,0.08311238345575217,0.0,0.0,0.0,0.0,0.6692567602548305,0.329568437181714,1.7986262987307125e-10,7.281507802297161e-05,4.5263972876960167e-07,4.432136779680499e-06,0.0007041634081096571,3.974329479163389e-06,4.599721957440842e-08
0.14400188391888635,0.08311188421785483,0.0,0.0,0.0,0.0,0.6692448455928286,0.3295623155803517,1.8048960342879502e-10,7.302294545307643e-05,4.558390809637417e-07,4.457168640381377e-06,0.0007159584208005963,3.9746478768539994e-06,4.638503260481602e-08
0.14500991267673152,0.08311138238194132,0.0,0.0,0.0,0.0,0.6692328664204138,0.32955616517848646,1.8110398752594186e-10,7.32264095204605e-05,4.5898636158802673e-07,4.481738662785709e-06,0.000727820428582709,3.97495865668142e-06,4.676670281988027e-08
0.1460179414345767,0.08311087799670064,0.0,0.0,0.0,0.0,0.6692208239390267,0.32954998652858547,1.8170593256984916e-10,7.342553334533216e-05,4.620816032751937e-07,4.505850247620094e-06,0.0007397481967223578,3.975261871738192e-06,4.714221714586077e-08
0.14702597019242186,0.08311037111044274,0.0,0.0,0.0,0.0,0.6692087193408478,0.32954378017806957,1.8229559132313472e-10,7.362038049260939e-05,4.651248933781698e-07,4.529506985698426e-06,0.0007517404993736347,3.975557579661318e-06,4.751156886040484e-08
0.14803399895026703,0.08310986177112192,0.0,0.0,0.0,0.0,0.6691965538085372,0.32953754666921775,1.8287311969123817e-10,7.381101492835886e-05,4.6811635149989517e-07,4.552712702202456e-06,0.0007637961198611612,3.975845841488836e-06,4.787475698531693e-08
0.1490420277081122,0.08310935002622431,0.0,0.0,0.0,0.0,0.6691843285147068,0.329531286538955,1.83438676113063e-10,7.399750095693163e-05,4.710561326460374e-07,4.575471430786059e-06,0.0007759138512491165,3.97612672219132e-06,4.8231785313336664e-08
0.15005005646595737,0.08310883592275566,0.0,0.0,0.0,0.0,0.6691720446211334,0.32952500031854054,1.8399242118471483e-10,7.417990312252575e-05,4.7394443070736986e-07,4.597787380720572e-06,0.0007880924971896074,3.976400288731727e-06,4.858266339811749e-08
0.15105808522380254,0.0831083195072669,0.0,0.0,0.0,0.0,0.6691597032781709,0.32951868853333915,1.8453451720182486e-10,7.435828612284292e-05,4.7678147115557237e-07,4.619664940036479e-06,0.0008003308725609338,3.976666613447925e-06,4.8927404657955336e-08
0.1520661139816477,0.08310780082584865,0.0,0.0,0.0,0.0,0.6691473056244546,0.3295123517027165,1.8506512859151731e-10,7.453271476399805e-05,4.795675182861175e-07,4.64110864669346e-06,0.0008126278037906966,3.976925767381603e-06,4.926602917984908e-08
0.15307414273949288,0.08310727992407804,0.0,0.0,0.0,0.0,0.669134852786619,0.3295059903399305,1.8558442077153404e-10,7.470325390881615e-05,4.823028577117656e-07,4.662123217523236e-06,0.0008249821291694186,3.9771778292764704e-06,4.959855930276466e-08
0.15408217149733805,0.08310675684709165,0.0,0.0,0.0,0.0,0.6691223458779813,0.32949960495151065,1.860925611684408e-10,7.486996843805644e-05,4.849878115605185e-07,4.682713507497206e-06,0.0008373927001898334,3.977422878995001e-06,4.9925022838042175e-08
0.15496469846305796,0.08310629714332934,0.0,0.0,0.0,0.0,0.6691113525824387,0.3294939952272879,1.8652841369184105e-10,7.501283765775869e-05,4.872973912015302e-07,4.700395823361104e-06,0.0008483034101669173,3.977631724741835e-06,5.02058852820173e-08
0.15584722542877788,0.0831058358362613,0.0,0.0,0.0,0.0,0.6691003194189472,0.32948836780404056,1.8695596058123507e-10,7.515286842142891e-05,4.895688676494003e-07,4.71776014517175e-06,0.0008592556044254533,3.97783531162197e-06,5.048214551641991e-08
0.1567297523944978,0.08310537295460596,0.0,0.0,0.0,0.0,0.6690892471104548,0.32948272300967874,1.873753159429913e-10,7.529010404894937e-05,4.918025071202577e-07,4.734809955497901e-06,0.0008702485363498497,3.9780336967509355e-06,5.075383015090296e-08
0.1576122793602177,0.08310490852728775,0.0,0.0,0.0,0.0,0.6690781363711189,0.3294770611677811,1.8778659367328952e-10,7.542458774336605e-05,4.939985874387646e-07,4.751548799923243e-06,0.0008812814681301927,3.978226939153485e-06,5.10209664179437e-08
0.15849480632593763,0.08310444258294318,0.0,0.0,0.0,0.0,0.6690669879071959,0.3294713825980648,1.8818990874021017e-10,7.555636256243088e-05,4.961574037189314e-07,4.7679802663529825e-06,0.0008923536698926552,3.978415096326153e-06,5.1283584987596964e-08
0.15937733329165754,0.0831039751494825,0.0,0.0,0.0,0.0,0.6690558024167237,0.32946568761624834,1.885853750558001e-10,7.56854713892952e-05,4.982792579742676e-07,4.7841079996274765e-06,0.0009034644200327733,3.9785982291025305e-06,5.154171690692523e-08
0.16025986025737746,0.08310350625537063,0.0,0.0,0.0,0.0,0.6690445805899531,0.3294599765342844,1.889731078873017e-10,7.581195690828714e-05,5.00364471022188e-07,4.799935686979682e-06,0.0009146130047932832,3.978776397554245e-06,5.1795395897856504e-08
0.16114238722309737,0.08310303592789244,0.0,0.0,0.0,0.0,0.6690333231089572,0.32945424966017617,1.8935322089603355e-10,7.593586159336398e-05,5.024133677172238e-07,4.815467070043479e-06,0.0009257987186683302,3.978949664572386e-06,5.2044656647470466e-08
0.1620249141888173,0.08310256419415185,0.0,0.0,0.0,0.0,0.6690220306470109,0.3294485072976905,1.8972583041979006e-10,7.605722768956794e-05,5.044262933881514e-07,4.8307058955802625e-06,0.0009370208650418408,3.979118088463803e-06,5.2289537360389055e-08
0.1629074411545372,0.08310209108094253,0.0,0.0,0.0,0.0,0.6690107038684218,0.3294427497462876,1.9009104856782516e-10,7.61760971803477e-05,5.064035891601113e-07,4.845655973376507e-06,0.0009482787563684095,3.979281733863167e-06,5.253007506814733e-08
0.16378996812025712,0.08310161661478081,0.0,0.0,0.0,0.0,0.6689993434288004,0.3294369773012698,1.9044899063201712e-10,7.629251177824251e-05,5.083456154248035e-07,4.860321119942833e-06,0.0009595717139121892,3.979440665341257e-06,5.276630892672329e-08
0.16467249508597703,0.0831011408217649,0.0,0.0,0.0,0.0,0.6689879499741772,0.3294311902533799,1.907997703410479e-10,7.640651287729123e-05,5.102527407115122e-07,4.874705177892462e-06,0.0009708990686562642,3.979594943906317e-06,5.299828094080022e-08
0.16555502205169695,0.08310066372778503,0.0,0.0,0.0,0.0,0.6689765241440588,0.32942538889026823,1.9114350061845798e-10,7.651814163077438e-05,5.121253379989752e-07,4.88881201548134e-06,0.0009822601582100614,3.979744633284019e-06,5.3226032666300376e-08
0.16643754901741686,0.08310018535800985,0.0,0.0,0.0,0.0,0.6689650665683434,0.3294195734950318,1.9148029493485492e-10,7.662743884800342e-05,5.139637889578554e-07,4.902645510106255e-06,0.0009936543299500329,3.979889796659929e-06,5.344960783398897e-08
0.16732007598313678,0.08309970573740852,0.0,0.0,0.0,0.0,0.6689535778670181,0.3294137443460789,1.9181026465064836e-10,7.673444497001172e-05,5.157684797135229e-07,4.916209554989904e-06,0.0010050809413360716,3.980030500463281e-06,5.366904965480339e-08
0.1682026029488567,0.08309922489067985,0.0,0.0,0.0,0.0,0.6689420586509777,0.32940790171753764,1.9213352298826232e-10,7.683920008179038e-05,5.175398065108014e-07,4.929508040783374e-06,0.001016539359089369,3.980166806267138e-06,5.388440434665506e-08
0.1690851299145766,0.08309874284216097,0.0,0.0,0.0,0.0,0.6689305095225481,0.3294020458795097,1.92450178631865e-10,7.69417439096132e-05,5.192781657715678e-07,4.942544878332504e-06,0.001028028958668681,3.980298782602685e-06,5.409571652137872e-08
0.16996765688029652,0.08309825961579614,0.0,0.0,0.0,0.0,0.6689189310754389,0.32939617709806907,1.9276034580699735e-10,7.70421158140047e-05,5.209839668390275e-07,4.955323959476998e-06,0.0010395491243288897,3.980426487929539e-06,5.430303494315631e-08
0.17085018384601644,0.08309777523513528,0.0,0.0,0.0,0.0,0.6689073238944969,0.3293902956351357,1.9306412810989268e-10,7.714035476457374e-05,5.226576115358583e-07,4.967849204298973e-06,0.0010510992493766313,3.980549994904859e-06,5.4506404600569946e-08
0.17173271081173636,0.08309728972300787,0.0,0.0,0.0,0.0,0.6688956885540879,0.3293844017477423,1.9336164128050731e-10,7.723649928328235e-05,5.242995174534875e-07,4.980124482747675e-06,0.001062678737832355,3.9806693609665405e-06,5.4705875830764565e-08
0.17252698508088427,0.08309685181409175,0.0,0.0,0.0,0.0,0.6688851931406736,0.32937908683609896,1.9362412906283639e-10,7.732127017765858e-05,5.2575043985402e-07,4.990961733988503e-06,0.0010731248961203445,3.980773302388184e-06,5.488210690430962e-08
0.17332125935003218,0.0830964130241599,0.0,0.0,0.0,0.0,0.668874675786148,0.32937376224883735,1.9388170175291732e-10,7.740440308058988e-05,5.271762961745767e-07,5.001602512546843e-06,0.0010835939378200546,3.980873991695959e-06,5.505525468990987e-08
0.17411553361918009,0.08309597336896297,0.0,0.0,0.0,0.0,0.6688641368918898,0.3293684281652834,1.9413443657697872e-10,7.748592525038268e-05,5.285773931176733e-07,5.012049634017101e-06,0.0010940854462093543,3.9809714727463795e-06,5.5225356196344296e-08
0.174909807888328,0.08309553286450268,0.0,0.0,0.0,0.0,0.6688535768530383,0.32936308476186565,1.9438241153779358e-10,7.756586364391335e-05,5.299540377295071e-07,5.0223059055586884e-06,0.0011045990109596615,3.981065796113881e-06,5.539244687423368e-08
0.1757040821574759,0.083095091526318,0.0,0.0,0.0,0.0,0.6688429960584641,0.32935773221212017,1.946257018964294e-10,7.764424490887377e-05,5.313065391369982e-07,5.0323741168735764e-06,0.0011151342281726622,3.981157004416735e-06,5.555656419985959e-08
0.17649835642662381,0.08309464937046687,0.0,0.0,0.0,0.0,0.668832394892852,0.3293523706876606,1.9486438392505328e-10,7.772109545697542e-05,5.326352104783007e-07,5.0422570625490115e-06,0.001125690698247301,3.981245144054272e-06,5.571774488012416e-08
0.17729263069577172,0.08309420641175613,0.0,0.0,0.0,0.0,0.6688217737348461,0.32934700035731324,1.9509853201620926e-10,7.779644139848924e-05,5.339403612321735e-07,5.05195752058234e-06,0.001136268027785458,3.9813302602679745e-06,5.5876026427608766e-08
0.17808690496491963,0.08309376266517728,0.0,0.0,0.0,0.0,0.6688111329569199,0.329341621387058,1.953282212617172e-10,7.787030852844496e-05,5.352223032397835e-07,5.061478243684828e-06,0.0011468658297283582,3.981412401027223e-06,5.603144532219049e-08
0.17888117923406754,0.08309331814553825,0.0,0.0,0.0,0.0,0.6688004729257913,0.3293362339402346,1.9555352399845618e-10,7.79427223365364e-05,5.364813463415463e-07,5.07082197422515e-06,0.0011574837229319274,3.9814916093190285e-06,5.618403925444166e-08
0.17967545350321545,0.08309287286740837,0.0,0.0,0.0,0.0,0.6687897940026704,0.329330838177652,1.9577451446371264e-10,7.80137080120267e-05,5.377178040852195e-07,5.07999143335064e-06,0.001168121331917325,3.981567933469779e-06,5.6333845146563335e-08
0.18046972777236336,0.08309242684510357,0.0,0.0,0.0,0.0,0.6687790965432778,0.32932543425761185,1.959912628027798e-10,7.808329044401506e-05,5.389319857539852e-07,5.088989332646956e-06,0.0011787782868542488,3.981641414041154e-06,5.648090083124785e-08
0.18126400204151127,0.08309198009271099,0.0,0.0,0.0,0.0,0.6687683808978032,0.32932002233587593,1.962038427925921e-10,7.81514942160407e-05,5.40124204757795e-07,5.097818354813683e-06,0.001189454223606407,3.981712100491399e-06,5.6625243407514275e-08
0.18205827631065918,0.08309153262409157,0.0,0.0,0.0,0.0,0.6687576474109082,0.32931460256568945,1.9641232175807273e-10,7.821834360349791e-05,5.412947682324272e-07,5.1064811738650285e-06,0.0012001487837305265,3.981780030950539e-06,5.6766910445725114e-08
0.1828525505798071,0.08309108445289459,0.0,0.0,0.0,0.0,0.6687468964217699,0.32930917509778135,1.966167736174453e-10,7.82838625716595e-05,5.424439893407945e-07,5.114980428543144e-06,0.0012108616144340687,3.981845256299268e-06,5.6905939269931676e-08
0.183646824848955,0.08309063559254377,0.0,0.0,0.0,0.0,0.6687361282641391,0.32930374008042124,1.968172619461537e-10,7.834807477498733e-05,5.435721721235401e-07,5.123318753955122e-06,0.0012215923685175432,3.981907811958974e-06,5.704236693825042e-08
0.1844410991181029,0.08309018605625355,0.0,0.0,0.0,0.0,0.6687253432663893,0.32929829765941293,1.9701386192107352e-10,7.841100355768045e-05,5.446796294833679e-07,5.131498740753869e-06,0.0012323407043266566,3.981967750126392e-06,5.7176231220030446e-08
0.18523537338725082,0.08308973585701152,0.0,0.0,0.0,0.0,0.6687145417515653,0.3292928479781554,1.9720663185481127e-10,7.847267195126125e-05,5.457666608595331e-07,5.13952298428234e-06,0.0012431062857044006,3.98202510360062e-06,5.7307568201310966e-08
0.18602964765639873,0.08308928500760424,0.0,0.0,0.0,0.0,0.6687037240374257,0.32928739117762357,1.9739565007586634e-10,7.853310267770086e-05,5.468335792520704e-07,5.147394021555285e-06,0.0012538887819494337,3.982079925291875e-06,5.743641648910496e-08
0.18682392192554664,0.08308883352038093,0.0,0.0,0.0,0.0,0.6686928904359054,0.3292819273961652,1.975809700481762e-10,7.85923181162097e-05,5.478806782772872e-07,5.155114397315233e-06,0.0012646878683708837,3.982132250085619e-06,5.7562811263276925e-08
0.18761819619469455,0.08308838140824455,0.0,0.0,0.0,0.0,0.6686820412549977,0.32927645677034073,1.9776266607371035e-10,7.865034039361924e-05,5.489082680434829e-07,5.16268661367893e-06,0.0012755032243507978,3.982182119952689e-06,5.7686789960824135e-08
0.18841247046384246,0.08308792868295696,0.0,0.0,0.0,0.0,0.6686711767971932,0.3292709794342134,1.9794079272829795e-10,7.870719131151899e-05,5.499166411237717e-07,5.1701131701143155e-06,0.001286334534956057,3.982229576313169e-06,5.780838828896351e-08
0.18920674473299037,0.08308747535647334,0.0,0.0,0.0,0.0,0.6686602973594781,0.3292654955193501,1.9811542762457905e-10,7.876289234317014e-05,5.509061043694722e-07,5.1773964963194125e-06,0.0012971814909419376,3.982274660627978e-06,5.7927644438283567e-08
0.19000101900213828,0.08308702144036226,0.0,0.0,0.0,0.0,0.6686494032331868,0.32926000515476184,1.9828661827365442e-10,7.881746461494827e-05,5.518769424003496e-07,5.184539035810741e-06,0.001308043788903822,3.9823174142856795e-06,5.804459264714742e-08
0.1907952932712862,0.0830865669467166,0.0,0.0,0.0,0.0,0.6686384947060077,0.32925450846782317,1.9845443711282063e-10,7.887092900869728e-05,5.528294582651177e-07,5.191543185965433e-06,0.0013189211292112045,3.982357876174948e-06,5.815926948339642e-08
0.1915895675404341,0.08308611188650274,0.0,0.0,0.0,0.0,0.6686275720604379,0.32924900558356,1.9861893375412276e-10,7.892330608926913e-05,5.537639356144708e-07,5.198411343143345e-06,0.001329813217602487,3.982396087093327e-06,5.827170974072904e-08
0.192383841809582,0.08308565627087232,0.0,0.0,0.0,0.0,0.6686166355737149,0.3292434966246255,1.9878018503376756e-10,7.89746160988006e-05,5.546806736556405e-07,5.205145827780075e-06,0.0013407197652597115,3.982432082517116e-06,5.838195083417654e-08
0.19317811607872992,0.0830852001106078,0.0,0.0,0.0,0.0,0.6686056855176533,0.3292379817112232,1.9893823258474475e-10,7.902487893663987e-05,5.55579946830641e-07,5.211748977281149e-06,0.0013516404889753323,3.982465903700088e-06,5.8490025864861655e-08
0.19389296292096306,0.0830847891099417,0.0,0.0,0.0,0.0,0.6685958190870942,0.329233013296107,1.990777925483437e-10,7.906923640576321e-05,5.56374600708776e-07,5.217581411341159e-06,0.0013614810298593094,3.982494515797881e-06,5.858547020310955e-08
0.1946078097631962,0.08308437768487884,0.0,0.0,0.0,0.0,0.6685859420748809,0.32922804023891555,1.9921485300157537e-10,7.911277570358093e-05,5.57155550705182e-07,5.223310975612292e-06,0.0013713326266230504,3.982521423286639e-06,5.867921443273318e-08
0.19532265660542933,0.08308396584275334,0.0,0.0,0.0,0.0,0.6685760546699174,0.3292230626231174,1.9934945632145933e-10,7.915551073999034e-05,5.579229984727584e-07,5.228939304386914e-06,0.0013811950823888405,3.982546655657751e-06,5.877128305378899e-08
0.19603750344766246,0.08308355359112342,0.0,0.0,0.0,0.0,0.6685661570580168,0.3292180805307968,1.994816413123633e-10,7.919745522486579e-05,5.586771454095963e-07,5.234468009988673e-06,0.0013910682034811853,3.982570236312084e-06,5.886170120294163e-08
0.1967523502898956,0.08308314093736949,0.0,0.0,0.0,0.0,0.6685562494220708,0.32921309404272137,1.9961144993944063e-10,7.92386226728642e-05,5.59418191564037e-07,5.239898690152581e-06,0.0014009517992520323,3.982592196329504e-06,5.895049276092146e-08
0.19746719713212874,0.08308272788872087,0.0,0.0,0.0,0.0,0.6685463319420754,0.3292081032383694,1.9973892053299158e-10,7.927902640771335e-05,5.601463358586051e-07,5.24523292260254e-06,0.0014108456820558048,3.98261255602972e-06,5.903768278325362e-08
0.19818204397436187,0.08308231445228709,0.0,0.0,0.0,0.0,0.6685364047951308,0.3292031081959082,1.9986409385604996e-10,7.931867956169815e-05,5.608617743083045e-07,5.250472268865962e-06,0.001420749667249267,3.982631348993158e-06,5.912329466652294e-08
0.198896890816595,0.08308190063506543,0.0,0.0,0.0,0.0,0.6685264681554624,0.32919810899223273,1.9998700720933207e-10,7.935759507792803e-05,5.615647018470281e-07,5.255618268098384e-06,0.0014306635731710963,3.982648590829523e-06,5.920735324554576e-08
0.19961173765882814,0.0830814864439402,0.0,0.0,0.0,0.0,0.6685165221944545,0.32919310570294463,2.001077001276107e-10,7.939578570919575e-05,5.622553105045844e-07,5.260672444074702e-06,0.0014405872211062348,3.982664319510144e-06,5.9289881217485306e-08
0.20032658450106128,0.0830810718856837,0.0,0.0,0.0,0.0,0.6685065670806901,0.32918809840241864,2.0022620897297305e-10,7.943326402175773e-05,5.629337915756092e-07,5.265636297681385e-06,0.0014505204352470574,3.982678543648954e-06,5.937090321994335e-08
0.2010414313432944,0.08308065696695582,0.0,0.0,0.0,0.0,0.668496602979986,0.3291830871637571,2.0034257212197876e-10,7.947004239424206e-05,5.63600333058678e-07,5.270511315738696e-06,0.0014604630426562583,3.98269130862684e-06,5.945044117577229e-08
0.20175627818552755,0.083080241694307,0.0,0.0,0.0,0.0,0.6684866300554282,0.32917807205888655,2.004568249989219e-10,7.9506133022449e-05,5.642551224911175e-07,5.2752989608577705e-06,0.0014704148732310994,3.98270261234474e-06,5.952851962172335e-08
0.20247112502776068,0.08307982607406961,0.0,0.0,0.0,0.0,0.6684766484672426,0.32917305315840983,2.0056900465545379e-10,7.954154791025936e-05,5.648983429188246e-07,5.280000679682748e-06,0.001480375759836682,3.98271249843753e-06,5.960516007064147e-08
0.20318597186999382,0.08307941011287745,0.0,0.0,0.0,0.0,0.6684666583733604,0.32916803053193006,2.0067914608546883e-10,7.957629889572673e-05,5.655301797020547e-07,5.284617902170942e-06,0.001490345537723147,3.982720988641566e-06,5.968038554095454e-08
0.20390081871222696,0.08307899381670564,0.0,0.0,0.0,0.0,0.6684566599289296,0.32916300424780087,2.007872848332057e-10,7.961039763368022e-05,5.66150811658906e-07,5.289152040560039e-06,0.0015003240450297659,3.98272810921378e-06,5.975421803003301e-08
0.2046156655544601,0.08307857719171921,0.0,0.0,0.0,0.0,0.668446653286415,0.3291579743731899,2.0089345490739266e-10,7.964385559691655e-05,5.667604183742641e-07,5.2936044799988605e-06,0.0015103111226831974,3.98273387266808e-06,5.982668029426851e-08
0.20533051239669323,0.08307816024395881,0.0,0.0,0.0,0.0,0.6684366385957293,0.32915294097410946,2.009976908675066e-10,7.967668407984557e-05,5.673591751057568e-07,5.297976595108622e-06,0.001520306614260974,3.982738310458437e-06,5.989779333203979e-08
0.20604535923892636,0.08307774297934963,0.0,0.0,0.0,0.0,0.6684266160042894,0.3291479041154804,2.0110002578819225e-10,7.970889420372986e-05,5.679472579983902e-07,5.302269735687448e-06,0.0015303103659345537,3.982741432509306e-06,5.996757968309355e-08
0.2067602060811595,0.08307732540370782,0.0,0.0,0.0,0.0,0.6684165856570361,0.329142863861092,2.012004931895763e-10,7.974049691696482e-05,5.685248380409676e-07,5.306485241030021e-06,0.0015403222264482326,3.982743278327826e-06,6.003605942968667e-08
0.20747505292339263,0.08307690752275403,0.0,0.0,0.0,0.0,0.6684065476964572,0.32913782027367733,2.012991251831989e-10,7.977150299885912e-05,5.69092087205299e-07,5.310624423153326e-06,0.0015503420470967817,3.9827438487038825e-06,6.010325510347421e-08
0.20818989976562577,0.08307648934210954,0.0,0.0,0.0,0.0,0.6683965022626166,0.3291327734148442,2.0139595426987871e-10,7.980192305780301e-05,5.696491721048935e-07,5.314688584981163e-06,0.0015603696816936464,3.98274319332537e-06,6.016918576184324e-08
0.2089047466078589,0.0830760708673032,0.0,0.0,0.0,0.0,0.6683864494931913,0.3291277233451997,2.0149101161766987e-10,7.98317675368038e-05,5.701962608372265e-07,5.318679000864036e-06,0.0015704049865353233,3.982741297208546e-06,6.023387408278913e-08
0.20961959345009204,0.08307565210367146,0.0,0.0,0.0,0.0,0.6683763895233622,0.3291226701241787,2.0158432864857338e-10,7.986104670434116e-05,5.70733515128778e-07,5.322596935022997e-06,0.001580447820512639,3.982738208326721e-06,6.029733863281282e-08
0.21033444029232518,0.08307523305681527,0.0,0.0,0.0,0.0,0.6683663224863094,0.32911761381036003,2.0167593581477162e-10,7.988977067971782e-05,5.71261100078479e-07,5.326443631756732e-06,0.0015904980445984442,3.98273394463949e-06,6.035960012045016e-08
0.2110492871345583,0.08307481373176015,0.0,0.0,0.0,0.0,0.6683562485127915,0.3291125544612369,2.0176586345732398e-10,7.991794941700095e-05,5.717791735815112e-07,5.3302203208245385e-06,0.0016005555222847747,3.982728530439488e-06,6.042067787461102e-08
0.21176413397679145,0.08307439413369888,0.0,0.0,0.0,0.0,0.6683461677312335,0.3291074921332832,2.0185414105387723e-10,7.994559270681739e-05,5.72287895039643e-07,5.33392820400698e-06,0.0016106201194908368,3.982721970863079e-06,6.048059255795589e-08
0.21247898081902458,0.08307397426771493,0.0,0.0,0.0,0.0,0.6683360802678442,0.32910242688196384,2.0194079802179694e-10,7.997271017925614e-05,5.727874185343294e-07,5.337568476034479e-06,0.0016206917044409733,3.9827142983548695e-06,6.053936226140245e-08
0.21319382766125772,0.0830735541387929,0.0,0.0,0.0,0.0,0.6683259862466688,0.32909735876181323,2.0202586295175058e-10,7.999931131001851e-05,5.732778999874884e-07,5.341142305029014e-06,0.0016307701476124213,3.982705513871445e-06,6.059700753082693e-08
0.21390867450349085,0.08307313375182171,0.0,0.0,0.0,0.0,0.6683158857896072,0.329092287826372,2.0210936435083988e-10,8.00254054196396e-05,5.737594891413544e-07,5.344650852774747e-06,0.0016408553217143605,3.98269566259936e-06,6.065354528306987e-08
0.214623521345724,0.08307271311160908,0.0,0.0,0.0,0.0,0.6683057790164371,0.3290872141282948,2.0219132991325487e-10,8.005100167884811e-05,5.742323379098432e-07,5.348095251437299e-06,0.0016509471016659474,3.9826847312311635e-06,6.070899633162844e-08
0.21533836818795712,0.0830722922227916,0.0,0.0,0.0,0.0,0.6682956660447149,0.32908213771919526,2.0227178719183435e-10,8.00761090993971e-05,5.746965912494583e-07,5.351476625770595e-06,0.0016610453646970788,3.982672763708337e-06,6.076337709200393e-08
0.21605321503019026,0.08307187109024268,0.0,0.0,0.0,0.0,0.6682855469902195,0.32907705864993025,2.0235076312369657e-10,8.010073655767135e-05,5.751523978627066e-07,5.354796079878852e-06,0.0016711499898901308,3.982659775616316e-06,6.081670633720812e-08
0.2167680618724234,0.08307144971832356,0.0,0.0,0.0,0.0,0.6682754219665794,0.3290719769703948,2.0242828436068054e-10,8.012489277999489e-05,5.755998991951925e-07,5.358054705509847e-06,0.0016812608585662751,3.982645789037103e-06,6.086900132022868e-08
0.21748290871465653,0.08307102811154496,0.0,0.0,0.0,0.0,0.6682652910853539,0.3290668927295848,2.0250437692461527e-10,8.014858634473164e-05,5.760392385086915e-07,5.361253567057133e-06,0.0016913778542013245,3.982630806971096e-06,6.092028087888157e-08
0.21819775555688967,0.08307060627432002,0.0,0.0,0.0,0.0,0.6682551544561389,0.3290618059756012,2.0257906661599549e-10,8.017182568475141e-05,5.764705534388915e-07,5.3643937238869985e-06,0.0017015008623155312,3.982614860039615e-06,6.09705609397592e-08
0.2189126023991228,0.08307018421097508,0.0,0.0,0.0,0.0,0.6682450121866147,0.3290567167557283,2.0265237863427435e-10,8.019461909381701e-05,5.768939838824446e-07,5.367476208796617e-06,0.001711629770425737,3.982597946132292e-06,6.101986030105855e-08
0.21962744924135594,0.08306976192575106,0.0,0.0,0.0,0.0,0.668234864382563,0.32905162511636654,2.0272433796090014e-10,8.021697472525707e-05,5.773096632479683e-07,5.370502050676938e-06,0.0017217644680253435,3.9825801096382405e-06,6.106819360299075e-08
0.22034229608358907,0.08306933942274221,0.0,0.0,0.0,0.0,0.6682247111477766,0.3290465311030789,2.0279496895625985e-10,8.023890059228152e-05,5.777177264248656e-07,5.373472247997387e-06,0.001731904846681089,3.982561347787537e-06,6.111557914150557e-08
0.2210571429258222,0.08306891670624961,0.0,0.0,0.0,0.0,0.6682145525844524,0.3290414347607076,2.0286429577723763e-10,8.026040458133711e-05,5.781183058545703e-07,5.376387796762616e-06,0.0017420507996223564,3.9825416788893755e-06,6.116203281982232e-08
0.22177198976805534,0.08306849378012024,0.0,0.0,0.0,0.0,0.6682043887928587,0.3290363361332429,2.0293234208300247e-10,8.028149444374136e-05,5.785115309996494e-07,5.3792496712799075e-06,0.0017522022220883072,3.982521116409311e-06,6.120757132488833e-08
0.22248683661028848,0.08306807064833076,0.0,0.0,0.0,0.0,0.6681942198714099,0.3290312352638429,2.0299913117336327e-10,8.030217779496295e-05,5.788975289278333e-07,5.382058831005069e-06,0.0017623590112504136,3.982499687397089e-06,6.12522093389299e-08
0.22320168345252162,0.08306764731477485,0.0,0.0,0.0,0.0,0.6681840459167624,0.32902613219490895,2.0306468589900145e-10,8.032246212063938e-05,5.792764262232692e-07,5.384816217095523e-06,0.001772521066111806,3.982477397383879e-06,6.129596362556016e-08
0.22391653029475475,0.08306722378326445,0.0,0.0,0.0,0.0,0.668173867023859,0.32902102696806335,2.031290288048665e-10,8.03423547769412e-05,5.796483465946477e-07,5.387522760662631e-06,0.0017826882874629722,3.982454276677985e-06,6.13388483172249e-08
0.2246313771369879,0.08306680005753923,0.0,0.0,0.0,0.0,0.668163683285945,0.3290159196242131,2.0319218199168004e-10,8.036186299617487e-05,5.800134130291517e-07,5.390179373098875e-06,0.001792860577863001,3.982430319010002e-06,6.138088028716607e-08
0.22534622397922102,0.08306637614120377,0.0,0.0,0.0,0.0,0.6681534947944882,0.3290108102034445,2.0325416722997033e-10,8.038099387976722e-05,5.803717445364612e-07,5.39278695426325e-06,0.0018030378417249469,3.982405554476664e-06,6.142207318557624e-08
0.22606107082145416,0.08306595203805073,0.0,0.0,0.0,0.0,0.6681433016395301,0.32900569874523394,2.0331500592712893e-10,8.039975441723884e-05,5.807234616934489e-07,5.395346389566275e-06,0.0018132199849489761,3.982379996260575e-06,6.146244221987272e-08
0.2267759176636873,0.08306552775146456,0.0,0.0,0.0,0.0,0.668133103909391,0.32900058528829224,2.0337471914983465e-10,8.041815147466816e-05,5.810686797304511e-07,5.397858551550295e-06,0.0018234069152305464,3.982353661038283e-06,6.150200155042258e-08
0.22749076450592043,0.0830651032849484,0.0,0.0,0.0,0.0,0.6681229016907365,0.32899546987061057,2.0343332752959063e-10,8.043619179634599e-05,5.814075144387276e-07,5.400324291544004e-06,0.0018335985419901245,3.982326554142643e-06,6.154076627565718e-08
0.22820561134815356,0.08306467864192858,0.0,0.0,0.0,0.0,0.6681126950686651,0.32899035252947384,2.0349085141646933e-10,8.045388200726597e-05,5.817400777806299e-07,5.4027444539603585e-06,0.001843794776282712,3.982298697559199e-06,6.157874955776732e-08
0.2289204581903867,0.08306425382576117,0.0,0.0,0.0,0.0,0.668102484126747,0.3289852333015122,2.0354731075329663e-10,8.047122861811921e-05,5.820664825421615e-07,5.405119863221911e-06,0.0018539955307577006,3.982270093037349e-06,6.161596636811559e-08
0.22963530503261984,0.08306382883973522,0.0,0.0,0.0,0.0,0.6680922689470407,0.3289801122226621,2.0360272521390192e-10,8.048823802503872e-05,5.823868369602694e-07,5.407451337672543e-06,0.0018642007196413583,3.982240771393846e-06,6.165242889727568e-08
0.23035015187485297,0.08306340368708232,0.0,0.0,0.0,0.0,0.6680820496101106,0.3289749893282394,2.0365711405588003e-10,8.050491651399209e-05,5.827012504223518e-07,5.409739673335748e-06,0.0018744102587184613,3.98221072361706e-06,6.168815231236092e-08
0.2310649987170861,0.08306297837097328,0.0,0.0,0.0,0.0,0.6680718261950503,0.3289698646528609,2.0371049628729726e-10,8.052127025829424e-05,5.830098274169604e-07,5.411985662405865e-06,0.0018846240653084046,3.982179993695597e-06,6.172314767937816e-08
0.23177984555931924,0.08306255289446551,0.0,0.0,0.0,0.0,0.668061598779421,0.32896473823051897,2.0376289048068864e-10,8.053730532037099e-05,5.833126732940234e-07,5.414190072447714e-06,0.001894842058329712,3.982148570892868e-06,6.175742971500261e-08
0.23249469240155238,0.08306212726077551,0.0,0.0,0.0,0.0,0.6680513674395586,0.32895961009464697,2.0381431500116646e-10,8.055302766196872e-05,5.836098914811413e-07,5.41635366901086e-06,0.0019050641579791325,3.9821164695477735e-06,6.179101073494128e-08
0.2332095392437855,0.08306170147276996,0.0,0.0,0.0,0.0,0.6680411322503191,0.3289544802780282,2.038647878446468e-10,8.056844313851744e-05,5.83901582823559e-07,5.418477199852341e-06,0.0019152902859982015,3.982083698952787e-06,6.182390388067706e-08
0.23392438608601865,0.08306127553341548,0.0,0.0,0.0,0.0,0.6680308932851363,0.3289493488128038,2.0391432669413404e-10,8.058355749826902e-05,5.84187846158802e-07,5.420561400702995e-06,0.0019255203656125528,3.982050284439535e-06,6.185612033766475e-08
0.23463923292825178,0.08306084944561537,0.0,0.0,0.0,0.0,0.6680206506160976,0.32894421573054644,2.0396294889936415e-10,8.059837638764797e-05,5.844687798659397e-07,5.422606991985858e-06,0.0019357543214529782,3.982016226315752e-06,6.188767341350028e-08
0.23535407977048492,0.08306042321221023,0.0,0.0,0.0,0.0,0.6680104043139778,0.3289390810622245,2.0401067154427182e-10,8.061290535102523e-05,5.847444798848605e-07,5.424614686413826e-06,0.0019459920795199465,3.981981553937531e-06,6.191857377733225e-08
0.23606892661271806,0.08305999683598565,0.0,0.0,0.0,0.0,0.6680001544482556,0.3289339448382768,2.0405751137922375e-10,8.062714983609527e-05,5.85015041610613e-07,5.42658518000509e-06,0.0019562335671677537,3.981946253529733e-06,6.19488349470648e-08
0.2367837734549512,0.08305957031962384,0.0,0.0,0.0,0.0,0.6679899010870506,0.32892880708850236,2.041034848770678e-10,8.06411151876822e-05,5.852805570295484e-07,5.4285191602972245e-06,0.001966478713168392,3.981910354454826e-06,6.197846717404846e-08
0.23749862029718433,0.08305914366595087,0.0,0.0,0.0,0.0,0.6679796442973952,0.328923667842243,2.0414860823384322e-10,8.065480666341923e-05,5.855411194517198e-07,5.430417302412283e-06,0.001976727447429957,3.981873866251213e-06,6.200748233589026e-08
0.23821346713941746,0.08305871687748104,0.0,0.0,0.0,0.0,0.6679693841450085,0.3289185271282579,2.0419289736935561e-10,8.066822942452748e-05,5.857968177215305e-07,5.4322802715365e-06,0.0019869797012309173,3.981836802400406e-06,6.203589128013235e-08
0.2389283139816506,0.08305828995681981,0.0,0.0,0.0,0.0,0.6679591206943509,0.3289133849747643,2.0423636786539066e-10,8.068138853746427e-05,5.860477412374956e-07,5.4341087153095776e-06,0.0019972354071650243,3.981799163334113e-06,6.206370589443116e-08
0.23964316082388373,0.08305786290651378,0.0,0.0,0.0,0.0,0.6679488540086891,0.328908241409437,2.0427903507820808e-10,8.069428897560372e-05,5.862939760789586e-07,5.435903276540481e-06,0.002007494499071067,3.981760969032139e-06,6.209093608895535e-08
0.24035800766611687,0.08305743572905647,0.0,0.0,0.0,0.0,0.6679385841501284,0.3289030964594626,2.0432091404621305e-10,8.07069356238098e-05,5.865356091791014e-07,5.437664581139067e-06,0.0020177569120011524,3.9817222158449655e-06,6.211759369693283e-08
0.24107285450835,0.08305700842689019,0.0,0.0,0.0,0.0,0.6679283111796263,0.32889795015149104,2.0436201959649766e-10,8.071933327769796e-05,5.867727234931404e-07,5.439393251244334e-06,0.00202802258220637,3.98168293451358e-06,6.214368769555736e-08
0.24178770135058314,0.08305658100241402,0.0,0.0,0.0,0.0,0.6679180351570067,0.32889280251171865,2.0440236622777653e-10,8.073148664801159e-05,5.870054032238566e-07,5.4410898898038406e-06,0.002038291447121733,3.981643108586901e-06,6.216923023095816e-08
0.24250254819281628,0.08305615345793609,0.0,0.0,0.0,0.0,0.6679077561409106,0.32888765356577637,2.0444196822314615e-10,8.074340035464817e-05,5.872337280125922e-07,5.44275509611476e-06,0.00204856344541671,3.981602769013359e-06,6.219422989498316e-08
0.2432173950350494,0.0830557257958906,0.0,0.0,0.0,0.0,0.6678974741890351,0.3288825033389044,2.0448083960107084e-10,8.075507894124745e-05,5.87457779794359e-07,5.4443894556878825e-06,0.0020588385167479,3.981561923513765e-06,6.221869721828139e-08
0.24393224187728255,0.08305529801843944,0.0,0.0,0.0,0.0,0.667887189357937,0.3288773518558365,2.0451899415101132e-10,8.076652686680685e-05,5.876776357890135e-07,5.445993547096289e-06,0.0020691166019623525,3.981520584847505e-06,6.224264151629728e-08
0.24464708871951568,0.08305487012782474,0.0,0.0,0.0,0.0,0.66787690170308,0.3288721991408404,2.0455644535077736e-10,8.0777748507471e-05,5.878933744429798e-07,5.447567931473922e-06,0.002079397643049603,3.981478749815477e-06,6.226607350616056e-08
0.24536193556174882,0.0830544421262367,0.0,0.0,0.0,0.0,0.6678666112788917,0.3288670452177074,2.0459320649752124e-10,8.078874815760634e-05,5.881050703475885e-07,5.4491131680377e-06,0.002089681583080374,3.981436439214815e-06,6.22890014552777e-08
0.24607678240398195,0.08305401401582027,0.0,0.0,0.0,0.0,0.6678563181387921,0.32886189010981387,2.0462929058982182e-10,8.079953003458756e-05,5.883127997649469e-07,5.4506297984474975e-06,0.002099968366178698,3.981393644520219e-06,6.231143616256047e-08
0.2467916292462151,0.08305358579867518,0.0,0.0,0.0,0.0,0.6678460223352053,0.32885673384005865,2.0466471046191785e-10,8.08100982772e-05,5.885166344248855e-07,5.452118363930409e-06,0.0021102579375090655,3.981350400193085e-06,6.233338481575477e-08
0.24750647608844822,0.08305315747682496,0.0,0.0,0.0,0.0,0.6678357239195133,0.32885157643092383,2.04699478626734e-10,8.082045694753048e-05,5.887166474472536e-07,5.453579385423131e-06,0.002120550243324741,3.981306696509339e-06,6.235485793726841e-08
0.24822132293068136,0.0830527290524009,0.0,0.0,0.0,0.0,0.6678254229422645,0.3288464179045099,2.0473360745845635e-10,8.083061003713249e-05,5.889129099062054e-07,5.4550133839208225e-06,0.0021308452307499206,3.98126254361142e-06,6.237586391854816e-08
0.2489361697729145,0.08305230052729759,0.0,0.0,0.0,0.0,0.6678151194530016,0.3288412582824776,2.0476710906572543e-10,8.084056146366825e-05,5.891054913861424e-07,5.456420866630825e-06,0.0021411428479600355,3.981217947455383e-06,6.239641194322421e-08
0.24965101661514763,0.08305187190347695,0.0,0.0,0.0,0.0,0.6678048135003015,0.3288360975860518,2.047999953429623e-10,8.085031507015497e-05,5.892944595705356e-07,5.457802333261568e-06,0.0021514430441388665,3.981172927065501e-06,6.241650942907981e-08
0.25036586345738077,0.0830514431828585,0.0,0.0,0.0,0.0,0.6677945051318295,0.32883093583607703,2.0483227794209047e-10,8.085987462919758e-05,5.894798822867451e-07,5.4591582710942105e-06,0.0021617457694236364,3.981127480552107e-06,6.243616583508301e-08
0.2510807102996139,0.08305101436731888,0.0,0.0,0.0,0.0,0.6677841943943618,0.32882577305298527,2.0486396833838397e-10,8.086924384230492e-05,5.896618250396042e-07,5.460489163526619e-06,0.002172050974880004,3.981081631055184e-06,6.245538809044941e-08
0.251795557141847,0.08305058545869785,0.0,0.0,0.0,0.0,0.6677738813337978,0.32882060925685896,2.0489507776188096e-10,8.08784263445708e-05,5.898403535125559e-07,5.461795480144656e-06,0.0021823586124904916,3.9810353641004535e-06,6.247418600100792e-08
0.2525104039840801,0.08305015645876505,0.0,0.0,0.0,0.0,0.6677635659951185,0.3288154444673414,2.0492561726160994e-10,8.088742569949345e-05,5.90015530313881e-07,5.4630776865422815e-06,0.0021926686351968036,3.980988703433296e-06,6.249256615468082e-08
0.2532252508263132,0.08304972736938765,0.0,0.0,0.0,0.0,0.6677532484225713,0.3288102787037722,2.0495559768312483e-10,8.089624541079125e-05,5.901874194168612e-07,5.4643362379220805e-06,0.0022029809967087453,3.980941655217922e-06,6.251053681541791e-08
0.2539400976685463,0.08304929819222201,0.0,0.0,0.0,0.0,0.6677429286595168,0.32880511198509826,2.049850296860037e-10,8.090488891561147e-05,5.903560812775478e-07,5.465571583395233e-06,0.002213295651661738,3.980894229095671e-06,6.252810525181924e-08
0.2546549445107794,0.08304886892898634,0.0,0.0,0.0,0.0,0.6677326067484666,0.3287999443299048,2.050139236874656e-10,8.091335958605366e-05,5.905215770862745e-07,5.466784158625834e-06,0.0022236125555786953,3.9808464228556914e-06,6.2545279898128e-08
0.2553697913530125,0.08304843958135909,0.0,0.0,0.0,0.0,0.6677222827311298,0.32879477575640864,2.0504228995805498e-10,8.092166072991384e-05,5.906839652018701e-07,5.467974397288065e-06,0.0022339316648218675,3.980798252463744e-06,6.25620671658433e-08
0.25608463819524563,0.08304801015098319,0.0,0.0,0.0,0.0,0.6677119566484337,0.32878960628250525,2.050701385364543e-10,8.092979559466993e-05,5.908433050608238e-07,5.469142719508454e-06,0.0022442529365707606,3.980749711454584e-06,6.257847554686834e-08
0.25679948503747874,0.0830475806394668,0.0,0.0,0.0,0.0,0.667701628540533,0.3287844359257205,2.0509747932851108e-10,8.093776736611157e-05,5.90999652691746e-07,5.47028954469008e-06,0.0022545763288118505,3.980700826589775e-06,6.2594510564829e-08
0.25751433187971184,0.08304715104838951,0.0,0.0,0.0,0.0,0.6676912984468216,0.32877926470329,2.051243219963823e-10,8.094557917261973e-05,5.91153065663277e-07,5.471415276382298e-06,0.0022649018003277448,3.980651578386743e-06,6.261018118755408e-08
0.25822917872194495,0.08304672137926943,0.0,0.0,0.0,0.0,0.6676809664058992,0.3287740926320571,2.0515067607132467e-10,8.095323407970013e-05,5.91303597610386e-07,5.472520318118209e-06,0.0022752293107304246,3.980601994403785e-06,6.262549264677017e-08
0.25894402556417806,0.08304629163370962,0.0,0.0,0.0,0.0,0.6676706324557328,0.3287689197286101,2.0517655088782952e-10,8.096073510130639e-05,5.914513042968315e-07,5.47360506183162e-06,0.0022855588202947445,3.980552079260814e-06,6.264045228192859e-08
0.25965887240641117,0.08304586181313028,0.0,0.0,0.0,0.0,0.667660296633524,0.32876374600919755,2.0520195563196231e-10,8.096808519341617e-05,5.915962377741443e-07,5.474669895817589e-06,0.0022958902900942274,3.980501842518809e-06,6.265506620526663e-08
0.2603737192486443,0.08304543191900579,0.0,0.0,0.0,0.0,0.6676499589757433,0.3287585714897618,2.052268992653625e-10,8.097528725578944e-05,5.917384513902089e-07,5.4757151948697646e-06,0.0023062236819682133,3.980451277774265e-06,6.266934211309261e-08
0.2610885660908774,0.08304500195277532,0.0,0.0,0.0,0.0,0.6676396195181674,0.3287533961859192,2.052513906393644e-10,8.09823441320562e-05,5.918779952129845e-07,5.476741334302984e-06,0.0023165589584802646,3.980400403095642e-06,6.268328512248473e-08
0.2618034129331105,0.08304457191584834,0.0,0.0,0.0,0.0,0.6676292782958992,0.3287482201130194,2.0527543838475632e-10,8.09892586140947e-05,5.920149210903779e-07,5.477748675079293e-06,0.002326896082898983,3.980349206272092e-06,6.269690312012293e-08
0.2625182597753436,0.08304414180957696,0.0,0.0,0.0,0.0,0.6676189353433364,0.3287430432860711,2.052990510201233e-10,8.099603343789921e-05,5.921492769743617e-07,5.478737578610677e-06,0.0023372350192304484,3.980297708422071e-06,6.271020084164635e-08
0.2632331066175767,0.08304371163538915,0.0,0.0,0.0,0.0,0.6676085906943094,0.32873786571985103,2.053222368830824e-10,8.100267129329772e-05,5.922811129010072e-07,5.479708395387035e-06,0.00234757573207378,3.980245915200045e-06,6.272318481326875e-08
0.2639479534598098,0.08304328139455008,0.0,0.0,0.0,0.0,0.6675982443819654,0.3287326874288335,2.0534500417880435e-10,8.100917481817384e-05,5.924104754665991e-07,5.480661472711095e-06,0.002357918186742833,3.980193834234359e-06,6.273586053071131e-08
0.2646628003020429,0.08304285108837332,0.0,0.0,0.0,0.0,0.667587896438796,0.32872750842721565,2.0536736090928872e-10,8.101554659984648e-05,5.925374125320992e-07,5.481597145587437e-06,0.002368262349236634,3.9801414628309445e-06,6.274823485759538e-08
0.26537764714427603,0.08304242071814093,0.0,0.0,0.0,0.0,0.6675775468966736,0.32872232872890916,2.0538931497917312e-10,8.102178917531387e-05,5.92661968893369e-07,5.482515749663782e-06,0.002378608186201885,3.980088814060175e-06,6.27603124138546e-08
0.26609249398650914,0.08304199028510852,0.0,0.0,0.0,0.0,0.6675671957868682,0.3287171483475805,2.0541087409352165e-10,8.10279050350874e-05,5.927841910393447e-07,5.483417607530014e-06,0.0023889556649156615,3.980035881111942e-06,6.277210023882283e-08
0.26680734082874225,0.08304155979050391,0.0,0.0,0.0,0.0,0.6675568431400539,0.32871196729660734,2.0543204587429195e-10,8.103389662124723e-05,5.929041218420398e-07,5.484303043927828e-06,0.002399304753277212,3.979982687470184e-06,6.278360199229928e-08
0.26752218767097535,0.08304112923551016,0.0,0.0,0.0,0.0,0.6675464889862838,0.32870678558912414,2.0545283772654753e-10,8.103976632991628e-05,5.930218058098481e-07,5.485172368338761e-06,0.0024096554198362982,3.979929224991323e-06,6.279482457790137e-08
0.26823703451320846,0.08304069862137421,0.0,0.0,0.0,0.0,0.6675361333551139,0.3287016032380363,2.0547325698525005e-10,8.104551651381596e-05,5.931372855624512e-07,5.486025892202113e-06,0.0024200076336624043,3.9798754999786915e-06,6.280577288094074e-08
0.26895188135544157,0.08304026794920223,0.0,0.0,0.0,0.0,0.6675257762755004,0.32869642025598866,2.0549331081312148e-10,8.105114948107473e-05,5.932506031862189e-07,5.4868639172169576e-06,0.002430361364452206,3.979821515496017e-06,6.281645261654927e-08
0.2696667281976747,0.08303983722014002,0.0,0.0,0.0,0.0,0.6675154177758243,0.32869123665536465,2.055130062520431e-10,8.105666749436722e-05,5.933617991034543e-07,5.487686741757023e-06,0.0024407165825034794,3.979767284768585e-06,6.282686783651092e-08
0.2703815750399078,0.08303940643530877,0.0,0.0,0.0,0.0,0.6675050578839249,0.3286860524483259,2.055323501819791e-10,8.10620727741526e-05,5.934709143828339e-07,5.488494654673115e-06,0.0024510732586817924,3.979712804443648e-06,6.283702466759201e-08
0.2710964218821409,0.0830389755958037,0.0,0.0,0.0,0.0,0.6674946966271119,0.32868086764678406,2.05551349390583e-10,8.106736749732774e-05,5.935779880140977e-07,5.489287944487637e-06,0.0024614313644051628,3.979658091862559e-06,6.284692671588065e-08
0.271811268724374,0.08303854470269856,0.0,0.0,0.0,0.0,0.667484334032175,0.3286756822624524,2.0557001049810305e-10,8.10725538013408e-05,5.936830598044682e-07,5.490066888736444e-06,0.002471790871636768,3.97960313283428e-06,6.285658061232088e-08
0.2725261155666071,0.08303811375702509,0.0,0.0,0.0,0.0,0.6674739701253587,0.3286704963067748,2.055883400341416e-10,8.1077633779678e-05,5.937861668954669e-07,5.490831765157016e-06,0.0024821517529096766,3.979547945766314e-06,6.286598970724101e-08
0.2732409624088402,0.0830376827598732,0.0,0.0,0.0,0.0,0.6674636049324709,0.32866530979101966,2.05606344389286e-10,8.108260949034339e-05,5.938873478264922e-07,5.4915828430766825e-06,0.0024925139812132075,3.979492533969648e-06,6.287515913915242e-08
0.2739558092510733,0.08303725171220738,0.0,0.0,0.0,0.0,0.667453238478795,0.3286601227262219,2.0562402985085274e-10,8.108748295102262e-05,5.9398663855447e-07,5.492320389290007e-06,0.0025028775300859163,3.979436903830447e-06,6.288409306409341e-08
0.27467065609330643,0.0830368206150295,0.0,0.0,0.0,0.0,0.6674428707891119,0.3286549351232066,2.0564140254868833e-10,8.109225614049606e-05,5.940840759445829e-07,5.493044660977427e-06,0.002513242373592544,3.979381051164502e-06,6.28927969613755e-08
0.27538550293553954,0.08303638946931714,0.0,0.0,0.0,0.0,0.6674325018877255,0.3286497469925754,2.0565846853792195e-10,8.109693099843919e-05,5.941796945315253e-07,5.493755915978018e-06,0.0025236084862951765,3.979324988401171e-06,6.290127419659974e-08
0.27610034977777265,0.08303595827602754,0.0,0.0,0.0,0.0,0.667422131798479,0.32864455834474743,2.056752337173413e-10,8.11015094288986e-05,5.942735301390579e-07,5.494454401676405e-06,0.0025339758432398646,3.97926870697288e-06,6.290953042315703e-08
0.27681519662000575,0.08303552703609673,0.0,0.0,0.0,0.0,0.6674117605447569,0.32863936918991254,2.0569170392411876e-10,8.110599329821202e-05,5.943656157473895e-07,5.495140367578069e-06,0.0025443444199502573,3.979212229932996e-06,6.291756814951212e-08
0.27753004346223886,0.08303509575044454,0.0,0.0,0.0,0.0,0.667401388149496,0.3286341795381059,2.057078848254311e-10,8.111038443924978e-05,5.944559861567774e-07,5.4958140503345245e-06,0.002554714192420825,3.979155535692388e-06,6.292539368342835e-08
0.27824489030447197,0.08303466441995391,0.0,0.0,0.0,0.0,0.667391014635163,0.32862898939911406,2.057237820340493e-10,8.111468464620018e-05,5.945446728312493e-07,5.496475689976899e-06,0.0025650851371361526,3.979098648642697e-06,6.293300933112931e-08
0.2789597371467051,0.08303423304555839,0.0,0.0,0.0,0.0,0.6673806400238503,0.3286237987825817,2.0573940102478627e-10,8.111889568315001e-05,5.946317092378824e-07,5.497125516898638e-06,0.002575457230972571,3.979041570838428e-06,6.294041972582303e-08
0.2796745839889382,0.08303380162808309,0.0,0.0,0.0,0.0,0.6673702643372006,0.3286186076979516,2.057547471956505e-10,8.112301927919429e-05,5.94717126056839e-07,5.497763760867298e-06,0.0025858304512778535,3.978984309154651e-06,6.294762823573994e-08
0.2803894308311713,0.08303337016838579,0.0,0.0,0.0,0.0,0.6673598875964242,0.32861341615449274,2.057698257960968e-10,8.112705713018349e-05,5.948009553498229e-07,5.498390641659031e-06,0.002596204775851504,3.978926854659101e-06,6.295464002983327e-08
0.2811042776734044,0.08303293866730294,0.0,0.0,0.0,0.0,0.6673495098223231,0.3286082241612724,2.0578464202777018e-10,8.11310108978501e-05,5.948832264288472e-07,5.499006381849298e-06,0.0026065801829200656,3.97886922309548e-06,6.296145751086637e-08
0.2818191245156375,0.08303250712565399,0.0,0.0,0.0,0.0,0.6673391310353031,0.3286030317272137,2.0579920093884703e-10,8.113488221388144e-05,5.949639705101292e-07,5.4996111924428904e-06,0.0026169566511256006,3.97881139926224e-06,6.296808615508848e-08
0.2825339713578706,0.08303207554422412,0.0,0.0,0.0,0.0,0.6673287512553532,0.3285978388610256,2.0581350753227932e-10,8.113867267584488e-05,5.950432155806664e-07,5.500205287721776e-06,0.002627334159544511,3.978753402294993e-06,6.297452805708716e-08
0.2832488182001037,0.08303164392384366,0.0,0.0,0.0,0.0,0.6673183705021303,0.32859264557128665,2.0582756668476098e-10,8.114238385445395e-05,5.951209915538222e-07,5.500788873023672e-06,0.0026377126876024897,3.978695235444485e-06,6.29807872952825e-08
0.28396366504233683,0.08303121226524661,0.0,0.0,0.0,0.0,0.6673079887948885,0.3285874518663976,2.0584138320518247e-10,8.114601728923168e-05,5.951973257765306e-07,5.501362153197749e-06,0.0026480922151457106,3.978636904027021e-06,6.298686689695916e-08
0.28467851188456994,0.0830307805691961,0.0,0.0,0.0,0.0,0.6672976061524972,0.32858225775460065,2.0585496176864485e-10,8.114957448990657e-05,5.952722469054214e-07,5.501925324070673e-06,0.0026584727224231866,3.978578402658243e-06,6.299277143701834e-08
0.28539335872680305,0.08303034883643626,0.0,0.0,0.0,0.0,0.6672872225934621,0.32857706324396413,2.05868307008711e-10,8.115305693579214e-05,5.9534578105714e-07,5.502478584076031e-06,0.0026688541900646116,3.978519742609399e-06,6.299850310478705e-08
0.28610820556903616,0.08302991706769602,0.0,0.0,0.0,0.0,0.6672768381359347,0.3285718683424211,2.0588142342091405e-10,8.115646607930179e-05,5.954179561161893e-07,5.503022121232979e-06,0.002679236599070038,3.978460914006241e-06,6.300406674763605e-08
0.28682305241126926,0.0830294852636876,0.0,0.0,0.0,0.0,0.6672664527977173,0.3285666730577215,2.0589431547320923e-10,8.11598033433004e-05,5.954887969039365e-07,5.503556127886158e-06,0.002689619930804915,3.978401939516119e-06,6.300946360155694e-08
0.28753789925350237,0.0830290534250975,0.0,0.0,0.0,0.0,0.6672560665962476,0.3285614773974877,2.0590698748024782e-10,8.116307012436345e-05,5.955583301420307e-07,5.504080783923204e-06,0.0027000041670165406,3.97834280776182e-06,6.301469848170736e-08
0.2882527460957355,0.08302862155264916,0.0,0.0,0.0,0.0,0.6672456795486718,0.32855628136920123,2.05919443733725e-10,8.116626779264239e-05,5.956265807075062e-07,5.50459627286059e-06,0.0027103892897568814,3.97828352298499e-06,6.301977403658792e-08
0.2889675929379686,0.08302818964698402,0.0,0.0,0.0,0.0,0.6672352916717851,0.32855108498019236,2.0593168841088716e-10,8.11693976922059e-05,5.956935736494735e-07,5.505102770892985e-06,0.0027207752814457837,3.978224086025028e-06,6.302469387431145e-08
0.2896824397802017,0.0830277577087662,0.0,0.0,0.0,0.0,0.6672249029820451,0.32854588823763364,2.0594372563000933e-10,8.11724611399518e-05,5.957593324393001e-07,5.505600453902484e-06,0.00273116212485553,3.978164508797402e-06,6.302945984069619e-08
0.2903972866224348,0.08302732573864592,0.0,0.0,0.0,0.0,0.6672145134955925,0.3285406911485758,2.059555593957488e-10,8.117545942838053e-05,5.958238816397904e-07,5.506089489742304e-06,0.0027415498030910436,3.9781047851685875e-06,6.303407611830151e-08
0.2911121334646679,0.08302689373725776,0.0,0.0,0.0,0.0,0.6672041232282578,0.32853549371991353,2.0596719367767332e-10,8.117839382351979e-05,5.958872437827541e-07,5.506570048738121e-06,0.0027519382995807224,3.978044931829208e-06,6.30385441039264e-08
0.291826980306901,0.08302646170521193,0.0,0.0,0.0,0.0,0.667193732195549,0.32853029595842387,2.059786323226687e-10,8.118126556777039e-05,5.959494424302939e-07,5.5070422919103785e-06,0.002762327598091281,3.9779849397756064e-06,6.304286799392114e-08
0.2925418271491341,0.08302602964315174,0.0,0.0,0.0,0.0,0.6671833404127152,0.3285250978707608,2.0598987914864903e-10,8.118407588021978e-05,5.96010499895388e-07,5.5075063824045885e-06,0.00277271768266072,3.9779248118569635e-06,6.304705020923043e-08
0.29325667399136723,0.08302559755164735,0.0,0.0,0.0,0.0,0.6671729478946913,0.32851989946344207,2.060009378757487e-10,8.118682595671197e-05,5.960704383950539e-07,5.507962477393731e-06,0.002783108537654743,3.977864549169462e-06,6.305109391510675e-08
0.29397152083360034,0.08302516543128964,0.0,0.0,0.0,0.0,0.6671625546561131,0.3285147007428471,2.0601181216643053e-10,8.11895169688891e-05,5.961292790033817e-07,5.508410733113781e-06,0.0027935001477530103,3.977804160953673e-06,6.305500085870287e-08
0.29468636767583345,0.08302473328265658,0.0,0.0,0.0,0.0,0.6671521607113329,0.3285095017152434,2.0602250558799391e-10,8.119215006652353e-05,5.96187043454086e-07,5.508851299459446e-06,0.0028038924979314384,3.977743643377728e-06,6.305877464232986e-08
0.29540121451806656,0.08302430110631262,0.0,0.0,0.0,0.0,0.6671417660744278,0.32850430238676326,2.0603302166984297e-10,8.119472637591723e-05,5.962437519874697e-07,5.5092843276463254e-06,0.0028142855734539997,3.977683009162116e-06,6.306241666210116e-08
0.29611606136029966,0.08302386890281112,0.0,0.0,0.0,0.0,0.6671313707592037,0.3284991027634447,2.0604336383954128e-10,8.119724700321911e-05,5.962994257424243e-07,5.509709961183081e-06,0.002824679359868765,3.977622245314181e-06,6.306593105845371e-08
0.2968309082025328,0.08302343667268339,0.0,0.0,0.0,0.0,0.6671209747791825,0.32849390285117636,2.060535354915286e-10,8.119971303077215e-05,5.963540839219975e-07,5.510128345735558e-06,0.0028350738430206524,3.977561365604327e-06,6.306931905481363e-08
0.2975457550447659,0.0830230044164912,0.0,0.0,0.0,0.0,0.6671105781476593,0.32848870265576013,2.060635399349664e-10,8.120212552276494e-05,5.964077468688748e-07,5.510539620936909e-06,0.0028454690089923028,3.977500371375067e-06,6.30725835074702e-08
0.298260601886999,0.0830225721347309,0.0,0.0,0.0,0.0,0.667100180877656,0.3284835021828753,2.0607338043196928e-10,8.1204485521996e-05,5.9646043325027e-07,5.510943926006123e-06,0.002855864844152206,3.977439266585432e-06,6.307572642070164e-08
0.2989754487292321,0.08302213982791849,0.0,0.0,0.0,0.0,0.6670897829819328,0.3284783014380958,2.0608306015328064e-10,8.120679405104861e-05,5.965121625646037e-07,5.511341393967768e-06,0.002866261335142539,3.9773780463052194e-06,6.307875104516978e-08
0.2996902955714652,0.08302170749655717,0.0,0.0,0.0,0.0,0.6670793844730034,0.3284731004268741,2.0609258224160063e-10,8.120905211158533e-05,5.965629526262773e-07,5.511732159723591e-06,0.0028766584688641084,3.977316719816179e-06,6.308165872784694e-08
0.3004051424136983,0.08302127514113969,0.0,0.0,0.0,0.0,0.6670689853631402,0.32846789915457514,2.061019497441333e-10,8.121126068710845e-05,5.966128224279207e-07,5.512116350841744e-06,0.0028870562324693106,3.97725527821303e-06,6.308445294238814e-08
0.3011199892559314,0.08302084276214768,0.0,0.0,0.0,0.0,0.6670585856643793,0.3284626976264341,2.0611116569115375e-10,8.121342074073397e-05,5.9666178885569e-07,5.512494098172477e-06,0.0028974546133587378,3.9771937402515395e-06,6.308713429402931e-08
0.3018348360981645,0.08302041036005713,0.0,0.0,0.0,0.0,0.66704818539074,0.32845749584857803,2.061202335545091e-10,8.121553340081115e-05,5.967098730757327e-07,5.5128655454023915e-06,0.0029078535968557334,3.9771320936054395e-06,6.308970672468208e-08
0.30247819825617434,0.08302002117894484,0.0,0.0,0.0,0.0,0.6670388246609771,0.32845281403850757,2.0612827005349425e-10,8.121739490975293e-05,5.967524070933347e-07,5.513194550965839e-06,0.0029172131888232653,3.977076522992179e-06,6.309193001451931e-08
0.30312156041418414,0.08301963197978478,0.0,0.0,0.0,0.0,0.6670294634815096,0.3284481320331225,2.0613619061117704e-10,8.12192193025636e-05,5.967942501402334e-07,5.5135186260913875e-06,0.002926573252209738,3.977020872628313e-06,6.309406754666178e-08
0.30376492257219395,0.08301924276294742,0.0,0.0,0.0,0.0,0.6670201018603588,0.32844344983592183,2.0614399722575452e-10,8.122100722250981e-05,5.968354141797703e-07,5.513837855029046e-06,0.0029359337786181456,3.976965143968267e-06,6.309612084187928e-08
0.30440828473020376,0.08301885352846029,0.0,0.0,0.0,0.0,0.6670107398047128,0.32843876745003614,2.0615169167548358e-10,8.122275925705873e-05,5.968759070659185e-07,5.514152310057421e-06,0.002945294760522555,3.9769093374494936e-06,6.309809112750317e-08
0.30505164688821357,0.08301846427742918,0.0,0.0,0.0,0.0,0.6670013773221367,0.3284340848787784,2.0615927586617827e-10,8.12244759877417e-05,5.969157477511282e-07,5.514462077033972e-06,0.002954656190005516,3.976853454289914e-06,6.309998010894739e-08
0.3056950090462234,0.08301807500932556,0.0,0.0,0.0,0.0,0.666992014420897,0.32842940212575056,2.0616675190968308e-10,8.122615808613001e-05,5.969549420253207e-07,5.514767247730421e-06,0.002964018058412671,3.97679749600616e-06,6.310178920313546e-08
0.3063383712042332,0.08301768572485227,0.0,0.0,0.0,0.0,0.666982651108995,0.3284247191944417,2.0617412175414237e-10,8.12278061966332e-05,5.969935035137661e-07,5.5150679001749275e-06,0.0029733803573678058,3.976741463691388e-06,6.310352001986315e-08
0.306981733362243,0.0830172964242126,0.0,0.0,0.0,0.0,0.6669732873940395,0.32842003608816905,2.0618138731015043e-10,8.122942093139752e-05,5.970314423861767e-07,5.51536411589459e-06,0.0029827430789055305,3.976685359157887e-06,6.310517351391354e-08
0.3076250955202528,0.08301690710772622,0.0,0.0,0.0,0.0,0.6669639232833727,0.328415352810137,2.0618855039626743e-10,8.123100287810698e-05,5.97068770756579e-07,5.515655970816743e-06,0.0029921062153394733,3.97662918275646e-06,6.310675156723191e-08
0.3082684576782626,0.08301651777569062,0.0,0.0,0.0,0.0,0.6669545587841708,0.3284106693634751,2.06195612827414e-10,8.123255261028321e-05,5.971054987330464e-07,5.515943543885333e-06,0.003001469759157272,3.9765729373590706e-06,6.310825489661927e-08
0.3089118198362724,0.08301612842839044,0.0,0.0,0.0,0.0,0.6669451939034847,0.328405985751262,2.0620257635990014e-10,8.123407069226235e-05,5.971416373321439e-07,5.516226909084908e-06,0.0030108337029776046,3.976516621658521e-06,6.310968559692593e-08
0.3095551819942822,0.08301573906610189,0.0,0.0,0.0,0.0,0.6669358286482484,0.3284013019765195,2.0620944273892678e-10,8.123555767910495e-05,5.971771963820362e-07,5.5165061416723694e-06,0.0030201980395416494,3.976460240796374e-06,6.311104405628146e-08
0.31019854415229203,0.08301534968911707,0.0,0.0,0.0,0.0,0.6669264630266813,0.328396618042835,2.0621621400800252e-10,8.12370142317803e-05,5.972121881784772e-07,5.516781326872821e-06,0.0030295627602447634,3.976403792446856e-06,6.311233253664019e-08
0.31084190631030184,0.08301496029754062,0.0,0.0,0.0,0.0,0.666917097043975,0.3283919339524694,2.062228914617648e-10,8.123844077174886e-05,5.972466187209256e-07,5.517052518722276e-06,0.0030389278596512494,3.976347278772849e-06,6.311355162227474e-08
0.31148526846831165,0.08301457089189615,0.0,0.0,0.0,0.0,0.6669077307065933,0.3283872497082465,2.0622947671301925e-10,8.12398378094668e-05,5.972805008429477e-07,5.51731978642124e-06,0.0030482933309948705,3.976290700754998e-06,6.3114702662619e-08
0.31212863062632146,0.08301418147236869,0.0,0.0,0.0,0.0,0.6668983640211024,0.3283825653130316,2.0623597144146106e-10,8.124120586791075e-05,5.973138429921443e-07,5.517583204854636e-06,0.0030576591674017525,3.976234060238458e-06,6.31157867953514e-08
0.31277199278433127,0.08301379203941557,0.0,0.0,0.0,0.0,0.6668889969933901,0.3283778807693993,2.0624237711354675e-10,8.124254540881141e-05,5.973466570318216e-07,5.517842837354565e-06,0.0030670253627102994,3.976177357917021e-06,6.311680539038102e-08
0.3134153549423411,0.0830134025927409,0.0,0.0,0.0,0.0,0.6668796296299218,0.3283731960801632,2.0624869534871628e-10,8.124385696338705e-05,5.973789472933691e-07,5.5180987509726366e-06,0.0030763919101509563,3.976120594987774e-06,6.311775941064608e-08
0.3140587171003509,0.08301301313293687,0.0,0.0,0.0,0.0,0.6668702619370728,0.3283685112481032,2.0625492769869743e-10,8.12451410449836e-05,5.974107251034349e-07,5.518351007809631e-06,0.003085758803050005,3.976063772292666e-06,6.311865009575424e-08
0.3147020792583607,0.08301262366017796,0.0,0.0,0.0,0.0,0.666860893920977,0.328363826275895,2.062610757109116e-10,8.124639814479376e-05,5.97441999277653e-07,5.5185996747966915e-06,0.0030951260349850037,3.97600689139373e-06,6.311947826828066e-08
0.3153454414163705,0.08301223417471654,0.0,0.0,0.0,0.0,0.6668515255875789,0.3283591411661331,2.0626714086891852e-10,8.124762873748146e-05,5.974727794419033e-07,5.518844814846474e-06,0.003104493599733637,3.975949952496534e-06,6.312024545196917e-08
0.3159888035743803,0.08301184467679197,0.0,0.0,0.0,0.0,0.6668421569426886,0.32835445592135154,2.0627312464210443e-10,8.124883328753003e-05,5.975030737765437e-07,5.519086491811624e-06,0.003113861491213237,3.975892957998386e-06,6.312095228245106e-08
0.3166321657323901,0.08301145516663495,0.0,0.0,0.0,0.0,0.6668327879920115,0.3283497705440413,2.0627902845164653e-10,8.125001225197e-05,5.975328911280679e-07,5.519324765491333e-06,0.0031232297034508227,3.975835906741254e-06,6.312160039607801e-08
0.3172755278903999,0.08301106564446953,0.0,0.0,0.0,0.0,0.6668234187411568,0.3283450850366463,2.0628485370734506e-10,8.125116607992241e-05,5.975622395487809e-07,5.5195596964972464e-06,0.003132598230574816,3.975778802954342e-06,6.31221901712068e-08
0.31791889004840973,0.08301067611051638,0.0,0.0,0.0,0.0,0.6668140491956372,0.32834039940157594,2.0629060178089926e-10,8.125229521348472e-05,5.975911275182192e-07,5.51979134229052e-06,0.003141967066813668,3.975721642843334e-06,6.312272339472818e-08
0.31856225220641954,0.08301028656499224,0.0,0.0,0.0,0.0,0.6668046793608707,0.3283357136411873,2.0629627403422096e-10,8.125340008623724e-05,5.976195628461741e-07,5.5200197615548545e-06,0.0031513362064961503,3.975664434206325e-06,6.312320018636399e-08
0.31920561436442935,0.0830098970081255,0.0,0.0,0.0,0.0,0.6667953092432746,0.3283310277582849,2.0630187206457817e-10,8.125448121417779e-05,5.976475551157373e-07,5.520245020972081e-06,0.0031607056429035748,3.97560717181704e-06,6.312362246904727e-08
0.31984897652243915,0.08300950743999858,0.0,0.0,0.0,0.0,0.6667859388469015,0.3283263417546328,2.0630739688385358e-10,8.125553892610319e-05,5.976751090176535e-07,5.5204671629180575e-06,0.0031700753717930296,3.975549858346837e-06,6.312399064280009e-08
0.32049233868044896,0.0830091178610199,0.0,0.0,0.0,0.0,0.666776568176797,0.3283216556324348,2.0631284975130025e-10,8.125657362038244e-05,5.977022346039121e-07,5.520686241428518e-06,0.003179445387882854,3.975492494699835e-06,6.312430577516089e-08
0.32113570083845877,0.08300872827133404,0.0,0.0,0.0,0.0,0.6667671972380868,0.3283169693939278,2.0631823197875193e-10,8.125758570515859e-05,5.977289384664517e-07,5.520902315058748e-06,0.0031888156858072775,3.975435082609133e-06,6.31245687312916e-08
0.3217790629964686,0.08300833867129782,0.0,0.0,0.0,0.0,0.6667578260353664,0.3283122830411211,2.0632354471106914e-10,8.125857554077937e-05,5.977552298929155e-07,5.521115433244273e-06,0.0031981862607565552,3.975377622504891e-06,6.312478059707371e-08
0.3224224251544784,0.0830079490606805,0.0,0.0,0.0,0.0,0.6667484545736836,0.3283075965762117,2.0632878921259254e-10,8.125954354182105e-05,5.977811122654305e-07,5.52132564838285e-06,0.003207557107446413,3.975320115256926e-06,6.312494212461199e-08
0.3230657873124882,0.08300755943994415,0.0,0.0,0.0,0.0,0.6667390828580141,0.32830291000136935,2.06333966694891e-10,8.126049010888333e-05,5.978065944427866e-07,5.521533008976496e-06,0.003216928220667454,3.9752625615292075e-06,6.312505428669426e-08
0.323709149470498,0.08300716980922501,0.0,0.0,0.0,0.0,0.6667297108931461,0.3282982233186826,2.0633907836611387e-10,8.126141562526201e-05,5.978316833125269e-07,5.521737567321225e-06,0.003226299595406489,3.975204962520414e-06,6.312511771812617e-08
0.3243525116285078,0.08300678016872014,0.0,0.0,0.0,0.0,0.6667203386837197,0.32829353653017695,2.0634412538436537e-10,8.126232046133958e-05,5.978563864036892e-07,5.521939372543655e-06,0.003235671226806602,3.975147318414175e-06,6.312513361786711e-08
0.3249958737865176,0.0830063905186163,0.0,0.0,0.0,0.0,0.66671096623427,0.32828884963783034,2.0634910889683113e-10,8.12632049795359e-05,5.978807101075861e-07,5.52213847453261e-06,0.003245043110119937,3.975089631056797e-06,6.312510247162982e-08
0.3256392359445274,0.08300600085909364,0.0,0.0,0.0,0.0,0.6667015935492507,0.3282841626435873,2.0635403001278703e-10,8.126406953645048e-05,5.979046613427789e-07,5.5223349199741774e-06,0.0032544152406843024,3.975031899563524e-06,6.312502557291804e-08
0.32628259810253724,0.08300561119032701,0.0,0.0,0.0,0.0,0.6666922206330399,0.3282794755493554,2.0635888983284698e-10,8.126491448248815e-05,5.979282463989136e-07,5.52252875622815e-06,0.003263787613916696,3.974974127216796e-06,6.312490319913367e-08
0.32692596026054704,0.08300522151248864,0.0,0.0,0.0,0.0,0.6666828474899403,0.32827478835701535,2.0636368942752432e-10,8.126574016257759e-05,5.979514719078747e-07,5.522720028141301e-06,0.0032731602253122357,3.974916311059753e-06,6.31247367695608e-08
0.32756932241855685,0.08300483182574772,0.0,0.0,0.0,0.0,0.6666734741241809,0.32827010106840715,2.0636842986002831e-10,8.12665469149705e-05,5.979743439675022e-07,5.522908781574253e-06,0.0032825330704443754,3.974858457192409e-06,6.312452634864901e-08
0.32821268457656666,0.08300444213028255,0.0,0.0,0.0,0.0,0.6666641005407707,0.32826541368572015,2.0637311237680093e-10,8.126733514223278e-05,5.979968700706077e-07,5.523095068562844e-06,0.0032919061440690386,3.974800561512828e-06,6.312427346454027e-08
0.32885604673457647,0.0830040524261574,0.0,0.0,0.0,0.0,0.6666547267428728,0.3282607262103311,2.0637773776760928e-10,8.126810510085447e-05,5.980190538811805e-07,5.523278922211813e-06,0.0033012794428745698,3.97474262611373e-06,6.312397841953242e-08
0.3294994088925863,0.08300366271369113,0.0,0.0,0.0,0.0,0.6666453527344256,0.32825603864396025,2.063823070153145e-10,8.126885710159108e-05,5.980409032544045e-07,5.523460384708252e-06,0.003310652962738569,3.974684651701179e-06,6.312364204930272e-08
0.3301427710505961,0.08300327299299654,0.0,0.0,0.0,0.0,0.6666359785194297,0.32825135098835373,2.063868211436463e-10,8.126959146281525e-05,5.980624233392886e-07,5.523639501778923e-06,0.0033200266994730097,3.974626639634579e-06,6.312326502512392e-08
0.3307861332086059,0.08300288326435219,0.0,0.0,0.0,0.0,0.666626604101472,0.32824666324508023,2.063912810461125e-10,8.127030846560554e-05,5.980836213935232e-07,5.52381631201395e-06,0.003329400649323858,3.974568590244714e-06,6.312284819773575e-08
0.3320728575246255,0.08300210378303988,0.0,0.0,0.0,0.0,0.6666078546725713,0.32823728750245407,2.0640004212624233e-10,8.127169169679103e-05,5.981250664569436e-07,5.524163174029569e-06,0.003348149171728489,3.974452382135098e-06,6.31218976190036e-08
0.33323090940904315,0.0830014022236478,0.0,0.0,0.0,0.0,0.6665909795308362,0.32822884905100974,2.064077511926241e-10,8.127288034251554e-05,5.981613157162626e-07,5.524467857588655e-06,0.0033650235305457076,3.974347673649932e-06,6.312091254457225e-08
0.3343889612934608,0.08300070064033162,0.0,0.0,0.0,0.0,0.6665741037897049,0.3282204103409028,2.0641529907340044e-10,8.127401743132816e-05,5.981966021405461e-07,5.524765676193063e-06,0.0033818985189332127,3.974242854186458e-06,6.311980877347177e-08
0.33554701317787844,0.08299999903385351,0.0,0.0,0.0,0.0,0.6665572274694952,0.3282119713809988,2.0642269086534027e-10,8.127510458805627e-05,5.982309556635565e-07,5.525056847916801e-06,0.0033987741156214853,3.974137927303959e-06,6.311859012127199e-08
0.3378631169467138,0.08299859575451854,0.0,0.0,0.0,0.0,0.6665234731686885,0.3281950927453299,2.0643702538727058e-10,8.127713525348056e-05,5.982969791975747e-07,5.525620066657008e-06,0.0034325270534554604,3.9739277647395314e-06,6.311582249586404e-08
0.3401792207155491,0.08299719239189177,0.0,0.0,0.0,0.0,0.6664897167784041,0.3281782132094477,2.0645079225893533e-10,8.127898433648734e-05,5.983596101515759e-07,5.52615910892258e-06,0.003466282187039374,3.973717212268685e-06,6.311263752430712e-08
0.34249532448438447,0.08299578895148045,0.0,0.0,0.0,0.0,0.6664559584394398,0.3281613328347898,2.0646402667414182e-10,8.128066309644836e-05,5.984190584017829e-07,5.526675471733944e-06,0.0035000393689875006,3.973506294569303e-06,6.310906131732645e-08
0.3448114282532198,0.08299438543835685,0.0,0.0,0.0,0.0,0.6664221982836435,0.3281444516788915,2.0647676158261335e-10,8.128218207303731e-05,5.98475520487916e-07,5.5271705569479964e-06,0.0035337984612843383,3.97329503474606e-06,6.31051183390322e-08
0.34712753202205515,0.08299298185759671,0.0,0.0,0.0,0.0,0.6663884364345498,0.3281275697956627,2.0648902784756905e-10,8.12835511375495e-05,5.985291805565003e-07,5.527645677775984e-06,0.0035675593346192937,3.973083454448273e-06,6.310083150951016e-08
0.3517597395597258,0.08299017451141916,0.0,0.0,0.0,0.0,0.6663209081155211,0.32809380404755717,2.0651226909052285e-10,8.12858761948519e-05,5.986287788102191e-07,5.528540904560473e-06,0.0036350859438959494,3.972659412835293e-06,6.309131142764012e-08
0.3559287263436294,0.08298764771272543,0.0,0.0,0.0,0.0,0.6662601279285616,0.3280634128630661,2.0653185589180185e-10,8.128754317323405e-05,5.987104604146928e-07,5.529289924011947e-06,0.0036958648411652157,3.972276870435455e-06,6.308176970113979e-08
0.36009771312753297,0.0829851207586199,0.0,0.0,0.0,0.0,0.6661993438545413,0.32803302002004747,2.0655032341202656e-10,8.12888520675485e-05,5.98785445928846e-07,5.529991243931691e-06,0.0037566478350837956,3.9718935695982525e-06,6.307141029764988e-08
0.36426669991143656,0.08298259366982333,0.0,0.0,0.0,0.0,0.6661385563783347,0.3280026257301931,2.065677924700899e-10,8.12898415043911e-05,5.988544568660625e-07,5.5306500067911054e-06,0.0038174344181706424,3.971509595032682e-06,6.306032294748989e-08
0.36843568669534016,0.0829800664626768,0.0,0.0,0.0,0.0,0.6660777659334346,0.327972230182793,2.0658437096990404e-10,8.129054597681365e-05,5.989181377619723e-07,5.531270805821006e-06,0.0038782241367456643,3.9711250223866726e-06,6.304858779038773e-08
0.37260467347924375,0.08297753915306798,0.0,0.0,0.0,0.0,0.666016972906936,0.3279418335469092,2.0660015514959405e-10,8.129099624528801e-05,5.989770635796893e-07,5.531857737989059e-06,0.003939016585710513,3.970739919117178e-06,6.303627629942397e-08
0.37677366026314735,0.08297501175465348,0.0,0.0,0.0,0.0,0.6659561776442809,0.32791143597344496,2.0661523077194452e-10,8.129121971945693e-05,5.990317467760736e-07,5.532414454537727e-06,0.003999811403579371,3.9703543453294586e-06,6.302345216445569e-08
0.38511163383095454,0.08296995673988658,0.0,0.0,0.0,0.0,0.6658345816083807,0.32785063853721724,2.0664355314201665e-10,8.129108112872127e-05,5.991301590885848e-07,5.5334498776067244e-06,0.004121406892636866,3.9695819941748435e-06,6.299648635498916e-08
0.392615810041981,0.08296540703356019,0.0,0.0,0.0,0.0,0.6657251402877957,0.3277959188441134,2.0666730276311778e-10,8.129039892490837e-05,5.9920830123609e-07,5.5343074918871635e-06,0.004230848047362787,3.968885747335392e-06,6.297097083672912e-08
0.40011998625300743,0.08296085719615587,0.0,0.0,0.0,0.0,0.6656156956180534,0.32774119781646893,2.0668971904565046e-10,8.128928940372385e-05,5.992784499706053e-07,5.535108186580656e-06,0.004340292801358179,3.968188650231258e-06,6.294450887482188e-08
0.4076241624640339,0.08295630726802408,0.0,0.0,0.0,0.0,0.6655062486037592,0.3276864758940227,2.0671104804655976e-10,8.128783115752656e-05,5.993420766982371e-07,5.535862440580223e-06,0.004449740104011278,3.96749087513884e-06,6.291728305399859e-08
0.4151283386750603,0.08295175728151181,0.0,0.0,0.0,0.0,0.6653968000632808,0.32763175343531975,2.0673148892708265e-10,8.12860877997521e-05,5.994003722452103e-07,5.536578736422819e-06,0.00455918909971491,3.966792561490211e-06,6.288944117381931e-08
0.4226325148860868,0.08294720726321869,0.0,0.0,0.0,0.0,0.6652873506622058,0.3275770307322975,2.067512024444604e-10,8.128411065283075e-05,5.994542987478894e-07,5.537263919876718e-06,0.004668639092835267,3.96609382176343e-06,6.286110234555734e-08
0.4301366910971132,0.08294265723557583,0.0,0.0,0.0,0.0,0.6651779009470533,0.3275223080249785,2.067703192525626e-10,8.128194146926512e-05,5.995046361167199e-07,5.537923560167007e-06,0.004778089512412527,3.965394747423053e-06,6.283236374332218e-08
0.43764086730813967,0.08293810721719594,0.0,0.0,0.0,0.0,0.6650684513725317,0.32746758551336463,2.0678894725717013e-10,8.127961460494489e-05,5.995520342599756e-07,5.5385622405700905e-06,0.0048875398836186286,3.964695413846366e-06,6.280330446714276e-08
0.4451450435191661,0.0829335572222044,0.0,0.0,0.0,0.0,0.6649590023125743,0.32741286336222725,2.0680717340064625e-10,8.12771579447684e-05,5.99597007088849e-07,5.539183685172527e-06,0.0049969898162017835,3.963995881904756e-06,6.277399012740034e-08
0.45264921973019256,0.08292900726338656,0.0,0.0,0.0,0.0,0.6648495540729134,0.327358141706607,2.068250679306701e-10,8.127459387896351e-05,5.996399764530824e-07,5.539790880372225e-06,0.005106438991319727,3.963296200757586e-06,6.274447245035195e-08
0.460153395941219,0.08292445735095978,0.0,0.0,0.0,0.0,0.6647401069066923,0.32730342065861795,2.0684268810572387e-10,8.127194056548077e-05,5.996812905695173e-07,5.5403862453909425e-06,0.005215887145192187,3.962596410362167e-06,6.271479266775108e-08
0.46765757215224546,0.08291990749355865,0.0,0.0,0.0,0.0,0.6646306610269687,0.32724870031288406,2.068600802097057e-10,8.126921296202155e-05,5.99721217482397e-07,5.540971789293594e-06,0.005325334056009708,3.9618965430151695e-06,6.26849867628512e-08
0.4751617483632719,0.08291535769797886,0.0,0.0,0.0,0.0,0.6645212166116176,0.3271939807486938,2.0687728273888884e-10,8.126642318668988e-05,5.997599954199098e-07,5.54154911452541e-06,0.005434779538799378,3.961196625784736e-06,6.265508163625062e-08
0.48191550695319574,0.08291126293997213,0.0,0.0,0.0,0.0,0.6644227180129235,0.327144733864237,2.0689262827374205e-10,8.126386733003604e-05,5.997940645048779e-07,5.542062764339081e-06,0.005533279124519996,3.9605666752513055e-06,6.262810092676656e-08
0.48866926554311957,0.08290716824070544,0.0,0.0,0.0,0.0,0.6643242208123616,0.32709548770791574,2.069078628401743e-10,8.126127482010441e-05,5.998274523282073e-07,5.542571597381073e-06,0.005631777333524951,3.959936714006981e-06,6.260107238612397e-08
0.4954230241330434,0.08290307360362442,0.0,0.0,0.0,0.0,0.6642257250901931,0.32704624231598217,2.0692300203835216e-10,8.125865052654168e-05,5.998602574482699e-07,5.543076255596921e-06,0.005730274082698662,3.959306752974821e-06,6.257400637029654e-08
0.5021767827229672,0.08289897903165967,0.0,0.0,0.0,0.0,0.6641272309176629,0.3269969977207513,2.069380585384282e-10,8.125599860621597e-05,5.998925501717618e-07,5.5435773032826855e-06,0.005828769298364853,3.9586768009701556e-06,6.254691342849709e-08
0.508930541312891,0.08289488452698375,0.0,0.0,0.0,0.0,0.6640287383562765,0.32694775395029213,2.0695304311111985e-10,8.125332242921049e-05,5.999243981779659e-07,5.544075183995845e-06,0.00592726291704367,3.958046865630063e-06,6.251980083538404e-08
0.5156842999028147,0.08289079009182462,0.0,0.0,0.0,0.0,0.6639302474592351,0.32689851102905065,2.0696796424925612e-10,8.12506247016698e-05,5.999558526325939e-07,5.54457025945421e-06,0.00602575488394939,3.957416952820842e-06,6.249267466454062e-08
0.5224380584927385,0.082886695728362,0.0,0.0,0.0,0.0,0.6638317582742246,0.32684926897906497,2.0698282922117493e-10,8.124790769034536e-05,5.999869594310456e-07,5.545062826711759e-06,0.006124245150067652,3.956787067733337e-06,6.246553980534312e-08
0.5291918170826623,0.08288260143823738,0.0,0.0,0.0,0.0,0.6637332708455213,0.32680002782088374,2.0699764390131748e-10,8.124517339268745e-05,6.000177481359174e-07,5.54555316484109e-06,0.0062227336699546346,3.9561572143363775e-06,6.243840168197279e-08
0.535945575672586,0.08287850722283197,0.0,0.0,0.0,0.0,0.6636347852115942,0.32675078757252285,2.0701241343348176e-10,8.124242333925077e-05,6.000482545625545e-07,5.546041465531333e-06,0.006321220404244099,3.955527396435149e-06,6.241126308597925e-08
0.5426993342625098,0.08287441308395964,0.0,0.0,0.0,0.0,0.6635363014086869,0.32670154825102576,2.070271417720873e-10,8.123965888442648e-05,6.000784984134128e-07,5.546527920416505e-06,0.006419705315900336,3.954897616631753e-06,6.238412760136546e-08
0.5494530928524336,0.08287031902282603,0.0,0.0,0.0,0.0,0.6634378194700411,0.3266523098721247,2.07041832901003e-10,8.123688114462422e-05,6.001085100086048e-07,5.547012659809273e-06,0.006518188371027457,3.954267878008345e-06,6.235699700252218e-08
0.5562068514423574,0.08286622504053988,0.0,0.0,0.0,0.0,0.6633393394254774,0.32660307245005815,2.0705648874706188e-10,8.123409096402745e-05,6.001382917265085e-07,5.547495822622563e-06,0.006616669539310954,3.95363818157789e-06,6.232987426906266e-08
0.5629606100322812,0.08286213113849099,0.0,0.0,0.0,0.0,0.6632408613037889,0.326553835998615,2.0707111199230165e-10,8.123128910608473e-05,6.001678633416557e-07,5.547977499696003e-06,0.006715148791510929,3.953008529408229e-06,6.23027607029806e-08
0.5697143686222049,0.08285803731779537,0.0,0.0,0.0,0.0,0.6631423851326852,0.32650460053111,2.070857050155758e-10,8.122847624882347e-05,6.001972422191846e-07,5.548457772155369e-06,0.006813626099520783,3.952378923254923e-06,6.227565746154448e-08
0.5764681272121287,0.08285394357945702,0.0,0.0,0.0,0.0,0.6630439109381832,0.3264553660601184,2.071002691417736e-10,8.122565293659078e-05,6.002264321929196e-07,5.548936725179386e-06,0.00691210143700523,3.9517493640125654e-06,6.224856619893744e-08
0.5832218858020525,0.08284984992439803,0.0,0.0,0.0,0.0,0.6629454387445245,0.326406132597438,2.071148060046082e-10,8.12228195754617e-05,6.002554468008245e-07,5.5494144002912806e-06,0.00701057477948497,3.951119852884721e-06,6.222148742918883e-08
0.5899756443919763,0.082845756353753,0.0,0.0,0.0,0.0,0.6628469685752294,0.3263569001545512,2.071293165027364e-10,8.121997651434378e-05,6.002842895533653e-07,5.549890850268921e-06,0.007109046103235531,3.950490390495745e-06,6.219442208611931e-08
0.5967294029819,0.08284166286840992,0.0,0.0,0.0,0.0,0.6627485004534682,0.32630766874278616,2.0714380153115822e-10,8.121712407589713e-05,6.003129646487529e-07,5.550366121303218e-06,0.007207515384898088,3.9498609775154825e-06,6.216737100755679e-08
0.6102369201617477,0.0828334761572217,0.0,0.0,0.0,0.0,0.6625515704403648,0.3262092090558011,2.0717269834670674e-10,8.121139198402555e-05,6.003698342073733e-07,5.551313237052366e-06,0.007404447733605697,3.9486023021234846e-06,6.211331320915559e-08
0.6223936856236105,0.08282610841793972,0.0,0.0,0.0,0.0,0.6623743406499496,0.32612059897161366,2.07198625522312e-10,8.120620322286453e-05,6.004204899872054e-07,5.552161886607112e-06,0.007581679643407992,3.9474696686000665e-06,6.206471418128631e-08
0.6345504510854734,0.08281874096903895,0.0,0.0,0.0,0.0,0.6621971178269878,0.3260319923926255,2.072244796565537e-10,8.120098704262796e-05,6.004706627593995e-07,5.553007096009893e-06,0.007758904601669548,3.946337202333647e-06,6.20161671349625e-08
0.6467072165473362,0.08281137381494572,0.0,0.0,0.0,0.0,0.662019902089833,0.3259433893775257,2.0725026261939888e-10,8.119574405664598e-05,6.005203637443723e-07,5.553848944978517e-06,0.007936122489679023,3.945204904838737e-06,6.196767321795843e-08
0.658863982009199,0.0828040069607823,0.0,0.0,0.0,0.0,0.6618426935544653,0.3258547899839507,2.0727597575404801e-10,8.119047471013161e-05,6.005696010195353e-07,5.554687490638922e-06,0.008113333191196925,3.944072777271937e-06,6.191923319486227e-08
0.6710207474710619,0.08279664041126937,0.0,0.0,0.0,0.0,0.6616654923351888,0.3257661942687883,2.0730162004430245e-10,8.118517933564821e-05,6.006183804684087e-07,5.555522775251776e-06,0.00829053659172619,3.942940820538227e-06,6.187084757089406e-08
0.6953342783947876,0.08278190824491843,0.0,0.0,0.0,0.0,0.6613111122971034,0.32558901409898294,2.073527050889144e-10,8.11745115310951e-05,6.007145838885591e-07,5.557183689711812e-06,0.008644921037027482,3.94067742253538e-06,6.177424083902958e-08
0.7196478093185132,0.08276717735316966,0.0,0.0,0.0,0.0,0.6609567628696285,0.32541184931398637,2.0740352184892772e-10,8.116374209273173e-05,6.008089987073954e-07,5.5588318634077855e-06,0.008999274930694747,3.938414715462942e-06,6.167785427945036e-08
0.753508552833426,0.08274666426330439,0.0,0.0,0.0,0.0,0.6604633234449985,0.3251651435602659,2.074738503065083e-10,8.114857616734637e-05,6.009375342852835e-07,5.561106190341526e-06,0.00949272067255326,3.93526466707081e-06,6.154398632779593e-08
0.7839832219968474,0.08272820473816073,0.0,0.0,0.0,0.0,0.660019282145769,0.32494313560255683,2.0753670984085664e-10,8.113476167599541e-05,6.010503036334867e-07,5.563132336913316e-06,0.00993676775315434,3.932430782365788e-06,6.142387002559086e-08
0.8144578911602689,0.0827097474244576,0.0,0.0,0.0,0.0,0.6595752939513095,0.32472115431858056,2.0759915940142605e-10,8.112079201954746e-05,6.01160332834769e-07,5.56513896421915e-06,0.0103807618190679,3.92959800135262e-06,6.130409819670796e-08
0.8449325603236904,0.082691292390886,0.0,0.0,0.0,0.0,0.6591313605622421,0.3244992005578036,2.0766120146775445e-10,8.110666827180358e-05,6.012676371288333e-07,5.567126179948193e-06,0.01082470116906599,3.926766329306199e-06,6.118466932326979e-08
0.8754072294871118,0.08267283970928185,0.0,0.0,0.0,0.0,0.6586874836662377,0.3242772751632788,2.077228382754118e-10,8.10923914288073e-05,6.013722302769685e-07,5.569094081695793e-06,0.011268584114916923,3.923935771322857e-06,6.106558174662896e-08
0.9363565678139547,0.08263594167801819,0.0,0.0,0.0,0.0,0.6577999060427465,0.3238335128145798,2.078449048487612e-10,8.106338236540286e-05,6.015733369939264e-07,5.57297232478524e-06,0.01215617410265064,3.918278017658478e-06,6.082842380790057e-08
0.9973059061407976,0.08259905388641675,0.0,0.0,0.0,0.0,0.6569125743962358,0.32338987392404595,2.079653766499932e-10,8.103377263956239e-05,6.017637615278912e-07,5.576774459088115e-06,0.013043518462472379,3.912624781012941e-06,6.059261138629506e-08
0.9999999999999998,0.08256217688005404,0.0,0.0,0.0,0.0,0.6568733582832469,0.32337026706878064,2.0797066523352241e-10,8.103245008401443e-05,6.017719338634353e-07,5.5769407771524955e-06,0.013082735145405026,3.912375000479988e-06,6.058221880999842e-08
1.0582552444676405,0.08256217688005404,0.0,0.0,0.0,0.0,0.6560255018863943,0.322946365065471,2.0808427091144423e-10,8.100356995162009e-05,6.019436106356864e-07,5.58050123905811e-06,0.013930604030359207,3.906976101378178e-06,6.035813150058467e-08
1.1192045827944834,0.08252531119553727,0.0,0.0,0.0,0.0,0.6551387014962441,0.3225029927244269,2.0820160457799228e-10,8.097278185662833e-05,6.02112990275145e-07,5.58415340651338e-06,0.014817417819034858,3.90133201918916e-06,6.012497169848909e-08
1.1801539211213263,0.08248845736563602,0.0,0.0,0.0,0.0,0.6542521860412117,0.3220597633027758,2.083173942292824e-10,8.094141580127597e-05,6.022720034956553e-07,5.587731690754192e-06,0.0157039470088817,3.895692573135615e-06,5.989311905504801e-08
1.2411032594481692,0.08245161591815739,0.0,0.0,0.0,0.0,0.6533659681863747,0.32161668312729697,2.08431656330201e-10,8.0909479108094e-05,6.024207546270288e-07,5.59123681311786e-06,0.016590178930695965,3.890057804230268e-06,5.966256208111705e-08
1.3020525977750121,0.08241478737428665,0.0,0.0,0.0,0.0,0.6524800604532847,0.3211737584530617,2.0854440694904963e-10,8.08769790399942e-05,6.025593431709548e-07,5.594669485533717e-06,0.017476101058838883,3.884427748769122e-06,5.9433287222913246e-08
1.363001936101855,0.08237797224228013,0.0,0.0,0.0,0.0,0.6515944751928371,0.3207309954499231,2.0865566212982832e-10,8.084392270425359e-05,6.026878723786642e-07,5.598030409907636e-06,0.018361701038407414,3.878802448906635e-06,5.920528432971902e-08
1.423951274428698,0.08234117103982458,0.0,0.0,0.0,0.0,0.6507092246399525,0.3202884002298132,2.087654374754032e-10,8.081031713392046e-05,6.028064403134817e-07,5.601320278312249e-06,0.01924696663052002,3.873181942277388e-06,5.8978541120003457e-08
1.4849006127555409,0.08230438427049516,0.0,0.0,0.0,0.0,0.6498243209082417,0.3198459788440685,2.0887374850398503e-10,8.077616928369351e-05,6.029151455813048e-07,5.6045397776384605e-06,0.020131885717646934,3.867566266580713e-06,5.875304553928105e-08
1.5458499510823838,0.08226761242369333,0.0,0.0,0.0,0.0,0.6489397759414312,0.31940373725917315,2.0898061043190692e-10,8.074148599160757e-05,6.030140852426629e-07,5.607689581121987e-06,0.02101644635220849,3.861955461090133e-06,5.852878693555454e-08
1.6067992894092267,0.08223085598183137,0.0,0.0,0.0,0.0,0.6480556015092833,0.31896168135469477,2.0908603836556805e-10,8.070627401337137e-05,6.031033562520821e-07,5.610770358755485e-06,0.021900636760633144,3.856349562431703e-06,5.8305753395804054e-08
1.6677486277360696,0.0821941154429509,0.0,0.0,0.0,0.0,0.6471718092486181,0.31851981694382187,2.091900470572906e-10,8.06705399836325e-05,6.03183053361535e-07,5.613782765747308e-06,0.022784445302360533,3.850748609919086e-06,5.808393504726526e-08
1.7286979660629125,0.08215739128393056,0.0,0.0,0.0,0.0,0.6462884106816168,0.3180781497824589,2.092926512415503e-10,8.063429049650035e-05,6.032532716465914e-07,5.616727458209904e-06,0.023667860451489487,3.845152638772727e-06,5.786331965455465e-08
1.7896473043897554,0.0821206839731854,0.0,0.0,0.0,0.0,0.6454054171930982,0.3176366855578998,2.0939386537243204e-10,8.059753205112378e-05,6.033141044076285e-07,5.619605079827845e-06,0.02455087081953652,3.839561687205745e-06,5.764389735666137e-08
1.8505966427165983,0.08208399397928291,0.0,0.0,0.0,0.0,0.6445228400243811,0.31719542988578253,2.0949370366320115e-10,8.056027102745811e-05,6.033656439521986e-07,5.622416264424109e-06,0.025433465161583693,3.833975792551266e-06,5.7425657895640595e-08
1.9115459810434412,0.08204732176312039,0.0,0.0,0.0,0.0,0.6436406902776687,0.3167543883122907,2.095921799019593e-10,8.052251367373564e-05,6.034079799635979e-07,5.625161628362308e-06,0.02631563237190581,3.828394992169945e-06,5.7208591596063985e-08
1.972495319370284,0.08201066778224729,0.0,0.0,0.0,0.0,0.6427589789119533,0.31631356631199997,2.096893081015453e-10,8.048426624309467e-05,6.034412041628901e-07,5.627841799084039e-06,0.027197361487978355,3.822819320120346e-06,5.699268674255073e-08
2.033444657697127,0.08197403248471924,0.0,0.0,0.0,0.0,0.6418777167736045,0.31587296930321873,2.097851020432345e-10,8.044553492948178e-05,6.034654066281423e-07,5.630457394167436e-06,0.028078641659936066,3.817248812606252e-06,5.6777933647375174e-08
2.0943939960239697,0.08193741632203151,0.0,0.0,0.0,0.0,0.6409969146002686,0.3154326026500141,2.0987957513600873e-10,8.040632577041264e-05,6.034806755436266e-07,5.633009014376803e-06,0.028959462146725193,3.811683507697005e-06,5.65643238271017e-08
2.1553433343508126,0.0819008197219359,0.0,0.0,0.0,0.0,0.6401165829547382,0.31499247162907174,2.0997274063913798e-10,8.036664475328167e-05,6.034870982083558e-07,5.63549725676083e-06,0.02983981238217371,3.8061234380215913e-06,5.635184595632998e-08
2.2162926726776555,0.08186424312926674,0.0,0.0,0.0,0.0,0.6392367322915459,0.31455258146298304,2.1006461181196757e-10,8.0326497812895e-05,6.03484762385157e-07,5.6379227179476435e-06,0.03071968190839565,3.800568638983828e-06,5.61404906279682e-08
2.2772420110044984,0.08182768697517155,0.0,0.0,0.0,0.0,0.6383573729645174,0.31411293732409584,2.1015520148505058e-10,8.028589074239744e-05,6.034737532486572e-07,5.640285975046668e-06,0.031599060368294685,3.795019148149864e-06,5.593025003529578e-08
2.3381913493313413,0.08179115167236853,0.0,0.0,0.0,0.0,0.6374785151783655,0.3136735443102238,2.102445224591194e-10,8.024482931413906e-05,6.034541559075265e-07,5.642587607239286e-06,0.03247793755389724,3.78947499687785e-06,5.5721112927978085e-08
2.3991406876581842,0.08175463765091394,0.0,0.0,0.0,0.0,0.6366001690089298,0.31323440745475895,2.1033258756056933e-10,8.020331927584318e-05,6.034260558630378e-07,5.644828194056541e-06,0.03335630338611475,3.7839362192545754e-06,5.551307022874082e-08
2.460090025985027,0.08171814532071418,0.0,0.0,0.0,0.0,0.6357223444150661,0.3127955317327427,2.104194091298355e-10,8.016136619060725e-05,6.033895357395344e-07,5.647008292210692e-06,0.03423414790294871,3.778402852477864e-06,5.530611486064689e-08
2.52103936431187,0.08168167509216526,0.0,0.0,0.0,0.0,0.634845051244554,0.3123569220637394,2.105049992531672e-10,8.011897555332104e-05,6.033446769313258e-07,5.649128451620348e-06,0.03511146125351575,3.7728749278644697e-06,5.510023649897467e-08
2.581988702638713,0.08164522736843405,0.0,0.0,0.0,0.0,0.6339682992270639,0.31191858330820493,2.1058937036610844e-10,8.007615292364179e-05,6.032915629160713e-07,5.651189236773768e-06,0.03598823370500003,3.76735247691064e-06,5.489542530467244e-08
2.642938040965556,0.08160880254905623,0.0,0.0,0.0,0.0,0.6330920979716209,0.31148052026638134,2.1067253451038565e-10,8.00329037158132e-05,6.032302749610584e-07,5.653191192969215e-06,0.0368644556453153,3.761835535867961e-06,5.469167464314194e-08
2.7038873792923988,0.08157240102861633,0.0,0.0,0.0,0.0,0.6322164569699998,0.31104273768001445,2.107545032617157e-10,7.998923318615178e-05,6.031608916898752e-07,5.655134847854266e-06,0.03774011757971598,3.756324137345681e-06,5.4488975808407267e-08
2.7648367176192417,0.08153602319713282,0.0,0.0,0.0,0.0,0.6313413856009914,0.31060524023429115,2.1083528849631818e-10,7.994514667976181e-05,6.030834936735185e-07,5.657020744216654e-06,0.03861521012638685,3.7508183102159602e-06,5.4287318344364656e-08
2.8257860559460846,0.08149966943948334,0.0,0.0,0.0,0.0,0.6304668931307499,0.3101680325582396,2.109149015647899e-10,7.990064932398272e-05,6.02998158327769e-07,5.65884939697278e-06,0.03948972401627563,3.7453180924815424e-06,5.408669751748283e-08
2.870261532712634,0.08147315706995167,0.0,0.0,0.0,0.0,0.6298291358934646,0.30984918227635133,2.1097226327366507e-10,7.98679228328849e-05,6.029309253651375e-07,5.660147976884558e-06,0.04012749703472083,3.7413080675167157e-06,5.3940947128077615e-08
2.9147370094791842,0.0814466578684107,0.0,0.0,0.0,0.0,0.629191695302398,0.30953049048427655,2.1102901174702596e-10,7.983498244730645e-05,6.028595402364023e-07,5.661416573458884e-06,0.040764953533038495,3.737301058654609e-06,5.3795741564764605e-08
2.9547649385690793,0.08142281996484609,0.0,0.0,0.0,0.0,0.6286182723836403,0.3092438048193664,2.1107956431662506e-10,7.980515471251832e-05,6.027917661313399e-07,5.662532825502512e-06,0.041338390875286325,3.7336973389294287e-06,5.366551905338786e-08
2.9947928676589743,0.08139899295033666,0.0,0.0,0.0,0.0,0.6280451112924959,0.3089572502010149,2.1112962644864397e-10,7.977515661783483e-05,6.027206723001315e-07,5.663625081741914e-06,0.04191156649041899,3.730096078358595e-06,5.3535731325551085e-08
3.0348207967488694,0.0813751769268983,0.0,0.0,0.0,0.0,0.6274722145320414,0.3086708278796675,2.1117920122285048e-10,7.974498954716151e-05,6.026462799544451e-07,5.664693482642041e-06,0.04248447787457597,3.726497287112551e-06,5.340637696425196e-08
3.0748487258387645,0.08135137199879482,0.0,0.0,0.0,0.0,0.6268995845839322,0.3083845390949687,2.1122829208715697e-10,7.971465500248726e-05,6.025686125636964e-07,5.665738186635586e-06,0.04305712254524809,3.7229009719982467e-06,5.3277452686950834e-08
3.1148766549286595,0.08132757826798007,0.0,0.0,0.0,0.0,0.6263272239102607,0.3080983850769662,2.112769017305078e-10,7.968415424586325e-05,6.024876890366373e-07,5.666759316510555e-06,0.04362949803963231,3.719307144885485e-06,5.314895818293945e-08
3.1549045840185546,0.08130379583626302,0.0,0.0,0.0,0.0,0.6257551349514465,0.3078123670446406,2.1132503372708155e-10,7.965348884334757e-05,6.024035337305967e-07,5.667757038185164e-06,0.04420160191641823,3.715715809357757e-06,5.3020888417528784e-08
3.1909297201994598,0.08128240139057237,0.0,0.0,0.0,0.0,0.6252404892080469,0.3075550680841821,2.113679462743917e-10,7.962575019521653e-05,6.02325045843011e-07,5.668635069780976e-06,0.04471626116859251,3.7124857500486068e-06,5.290599014801354e-08
3.226954856380365,0.08126101625292817,0.0,0.0,0.0,0.0,0.6247260672664675,0.30729788112690604,2.1141047645338114e-10,7.959788022233601e-05,6.022439716834928e-07,5.6694943491001644e-06,0.04523069669657173,3.7092577225779475e-06,5.2791432874325326e-08
3.25937747894318,0.08124177764452377,0.0,0.0,0.0,0.0,0.6242632803095509,0.30706650934751045,2.1144842804546368e-10,7.957268564890896e-05,6.021688035543334e-07,5.670251729379986e-06,0.04569349594723392,3.706354243230221e-06,5.2688623437871186e-08
3.291800101505995,0.08122254668648442,0.0,0.0,0.0,0.0,0.6238006773005232,0.30683522962372545,2.114860731814485e-10,7.954738619152638e-05,6.020915633488547e-07,5.67099407080693e-06,0.04615611131204091,3.7034524193272805e-06,5.2586088022333824e-08
3.32422272406881,0.08120332342875891,0.0,0.0,0.0,0.0,0.6233382594926419,0.30660404258171853,2.1152341309839004e-10,7.952198243204336e-05,6.020122599486876e-07,5.671721430307164e-06,0.04661854153740693,3.7005522571495294e-06,5.248382648224573e-08
3.356645346631625,0.08118410792450623,0.0,0.0,0.0,0.0,0.6228760281269553,0.30637294884131966,2.1156044982848822e-10,7.9496475252852e-05,6.01930907181318e-07,5.672433901285272e-06,0.047080785381781946,3.697653759676506e-06,5.23818371281195e-08
3.38906796919444,0.08116490022376106,0.0,0.0,0.0,0.0,0.6224139844397617,0.30614194902020725,2.115971846485126e-10,7.947086524885784e-05,6.018475141965452e-07,5.673131542916845e-06,0.047542841608531256,3.6947569324977223e-06,5.2280119456396497e-08
3.421490591757255,0.0811457003786927,0.0,0.0,0.0,0.0,0.6219521296558058,0.30591104373014805,2.1163361931758436e-10,7.944515318818975e-05,6.017620931051765e-07,5.673814436191914e-06,0.0480047089924739,3.6918617792074813e-06,5.217867200251607e-08
3.45391321432007,0.08112650843881337,0.0,0.0,0.0,0.0,0.6214904649946905,0.3056802335804593,2.1166975514789555e-10,7.941933968432267e-05,6.016746533048538e-07,5.674482642203945e-06,0.04846638631365969,3.6889683046592186e-06,5.2077493927715647e-08
3.486335836882885,0.08110732445543968,0.0,0.0,0.0,0.0,0.6210289916657674,0.3054495191752443,2.1170559374793598e-10,7.93934254639782e-05,6.015852060563869e-07,5.675136235657469e-06,0.04892787236232567,3.686076512631904e-06,5.1976583923743744e-08
3.5187584594457,0.08108814847769653,0.0,0.0,0.0,0.0,0.6205677108723382,0.3052189011156459,2.1174113653337096e-10,7.936741117002002e-05,6.014937613919089e-07,5.675775282251769e-06,0.04938916593480553,3.683186407757963e-06,5.187594108334122e-08
3.5511810820085152,0.08106898055592056,0.0,0.0,0.0,0.0,0.6201066238083465,0.30498837999808126,2.117763850949295e-10,7.934129750617079e-05,6.014003304092744e-07,5.676399855481836e-06,0.04985026583675578,3.6802979940231548e-06,5.1775564219467606e-08
3.5836037045713303,0.08104982073888367,0.0,0.0,0.0,0.0,0.619645731660989,0.304757956415635,2.1181134085414987e-10,7.931508512278285e-05,6.013049232054953e-07,5.677010021473826e-06,0.050311170880611676,3.677411275850533e-06,5.1675452387168076e-08
3.64844894969696,0.0810115256153088,0.0,0.0,0.0,0.0,0.618724536813445,0.30429740420260437,2.118803799322628e-10,7.926236689461538e-05,6.0110822230856e-07,5.678187409247774e-06,0.05123239169524238,3.671642942715804e-06,5.1476019597833e-08
3.7132941948225895,0.0809732634969227,0.0,0.0,0.0,0.0,0.6178041356788447,0.30383724914692806,2.119482656180228e-10,7.920926180308624e-05,6.009037424435984e-07,5.679307996703239e-06,0.05215281902654042,3.6658814406259374e-06,5.127763376390911e-08
3.778139439948219,0.08093503476145066,0.0,0.0,0.0,0.0,0.6168845374612291,0.30337749584651985,2.1201500933970668e-10,7.915577505124313e-05,6.006915649213872e-07,5.680372316116395e-06,0.05307244366751635,3.6601268035169724e-06,5.1080287499103464e-08
3.8429846850738487,0.0808968397929688,0.0,0.0,0.0,0.0,0.6159657512599942,0.30291814884702084,2.1208062255420263e-10,7.910191177853276e-05,6.00471771206813e-07,5.6813809013586e-06,0.05399125651585603,3.6543790640172964e-06,5.088397270685826e-08
3.9078299301994783,0.08085867896141785,0.0,0.0,0.0,0.0,0.6150477860499173,0.30245921263177133,2.1214511663841193e-10,7.904767711584009e-05,6.002444424498995e-07,5.6823342843160755e-06,0.05490924859386913,3.6486382529867154e-06,5.068868068156915e-08
3.986182187466734,0.08081261544545953,0.0,0.0,0.0,0.0,0.6139397202073432,0.3019052361425159,2.1222156750773452e-10,7.898165731433197e-05,5.999598235648817e-07,5.683413353311896e-06,0.05601734719139021,3.6417109423105776e-06,5.045406359012336e-08
4.064534444733989,0.08076660294752848,0.0,0.0,0.0,0.0,0.6128328813027061,0.3013518735309385,2.122964202688579e-10,7.891511143171581e-05,5.996644600271558e-07,5.6844135017656525e-06,0.05712421916422059,3.6347938503517527e-06,5.022091585993674e-08
4.1428867020012445,0.08072064209353355,0.0,0.0,0.0,0.0,0.6117272844694727,0.30079913235696765,2.1236969404379911e-10,7.88480480896174e-05,5.99358489525098e-07,5.68533562772886e-06,0.05822984937399574,3.627887029720895e-06,4.9989222819238054e-08
4.2212389592685,0.08067473350430583,0.0,0.0,0.0,0.0,0.6106229446003171,0.3002470200602074,2.1244140768510436e-10,7.878047581706125e-05,5.990420482167068e-07,5.68618061738572e-06,0.059334222923198336,3.6209905335543513e-06,4.9758971101588145e-08
4.299591216535755,0.08062887778876296,0.0,0.0,0.0,0.0,0.609519876345721,0.299695543959246,2.1251157987769398e-10,7.871240303769609e-05,5.987152712339563e-07,5.686949348629626e-06,0.0604373251565603,3.614104415911331e-06,4.9530148666565175e-08
4.385537136665334,0.08057863939540731,0.0,0.0,0.0,0.0,0.6083113816162116,0.2990913606836237,2.1258680214534082e-10,7.863716706478227e-05,5.983450964913062e-07,5.687705915084332e-06,0.0616458574959101,3.606562913451081e-06,4.928077714049068e-08
4.471483056794914,0.08052846611790418,0.0,0.0,0.0,0.0,0.6071044529585333,0.29848796089503216,2.126602157894069e-10,7.85613495882998e-05,5.979628205517588e-07,5.688372899449661e-06,0.06285282411107362,3.59903402638569e-06,4.903309153145155e-08
4.557428976924493,0.08047835871990137,0.0,0.0,0.0,0.0,0.6058991087300267,0.2978853537637483,2.1273184414009723e-10,7.84849612372224e-05,5.975686142075262e-07,5.688951405669013e-06,0.06405820663867323,3.5915178221397256e-06,4.878707681993661e-08
4.6433748970540725,0.0804283179500378,0.0,0.0,0.0,0.0,0.6046953669561915,0.2972835482942448,2.1280171076039402e-10,7.84080124864273e-05,5.971626493284694e-07,5.68944254637139e-06,0.06526198704724352,3.584014365909287e-06,4.854271654190639e-08
4.729320817183652,0.08037834454360927,0.0,0.0,0.0,0.0,0.6034932453376345,0.29668255332872573,2.1286983857943175e-10,7.833051358896849e-05,5.967450941866322e-07,5.689847408974399e-06,0.06646414763033902,3.5765237201201754e-06,4.829999340676106e-08
4.815266737313231,0.08032843922382839,0.0,0.0,0.0,0.0,0.602292761249481,0.29608237754677313,2.1293624955441234e-10,7.825247465421128e-05,5.963161117559893e-07,5.690167041685022e-06,0.06766467100709292,3.5690459471073275e-06,4.8058892273896216e-08
4.9012126574428105,0.0802786026947338,0.0,0.0,0.0,0.0,0.601093931713177,0.29548302945117383,2.1300096615656517e-10,7.817390572467611e-05,5.95875867457291e-07,5.690402510298114e-06,0.06886354015033905,3.5615811097045903e-06,4.78193987766572e-08
4.98715857757239,0.08022883567131753,0.0,0.0,0.0,0.0,0.5998967734410703,0.29488451739032767,2.1306401056545618e-10,7.809481663643393e-05,5.954245249511426e-07,5.6905548696987275e-06,0.07006073834212137,3.554129266948006e-06,4.758149639051035e-08
5.073104497701969,0.08017913880240121,0.0,0.0,0.0,0.0,0.5987013029083786,0.2942868495942599,2.1312540401630717e-10,7.801521698859852e-05,5.949622426550636e-07,5.690625136022114e-06,0.07125624910175522,3.5466904780586518e-06,4.734516983293773e-08
5.159050417831549,0.08012951278408872,0.0,0.0,0.0,0.0,0.597507536253907,0.2936900341248072,2.1318516760822107e-10,7.793511635763169e-05,5.944891782163151e-07,5.690614319500395e-06,0.07245005628498512,3.539264801708277e-06,4.7110405164680764e-08
5.244996337961128,0.08007995826188259,0.0,0.0,0.0,0.0,0.5963154893212925,0.29309407889631095,2.1324332252514502e-10,7.785452420504237e-05,5.940054893567053e-07,5.690523432517849e-06,0.07364214404277915,3.5318522946831536e-06,4.687718765829644e-08
5.330942258090707,0.0800304758895539,0.0,0.0,0.0,0.0,0.5951251776421081,0.29249899166727666,2.1329988942194246e-10,7.777344974099208e-05,5.935113305795231e-07,5.690353464627412e-06,0.07483249683831017,3.5244530127883714e-06,4.664550252821733e-08
5.416888178220287,0.07998106629652386,0.0,0.0,0.0,0.0,0.5939366164553375,0.29190478005000664,2.133548884465603e-10,7.769190206340062e-05,5.930068537448624e-07,5.6901053855603965e-06,0.07602109942740837,3.5170670109789877e-06,4.641533584870711e-08
5.502834098349866,0.07993173009743344,0.0,0.0,0.0,0.0,0.5927498207712508,0.2913114515424898,2.1340833964177283e-10,7.760989021540882e-05,5.924922100292929e-07,5.689780160848453e-06,0.07720793679464838,3.5096943429978544e-06,4.618667381789559e-08
5.588780018479445,0.0798824679281755,0.0,0.0,0.0,0.0,0.5915648052223894,0.29071901345399137,2.134602628934261e-10,7.752742305858008e-05,5.919675490682102e-07,5.68937874663564e-06,0.07839299430243032,3.502335061058692e-06,4.595950243738935e-08
5.674725938609025,0.0798332803524041,0.0,0.0,0.0,0.0,0.5903815842001136,0.29012747297333286,2.1351067771597767e-10,7.744450926591194e-05,5.914330182320302e-07,5.688902082489286e-06,0.07957625755444016,3.494989217331532e-06,4.573380814148443e-08
5.760671858738604,0.0797841679931675,0.0,0.0,0.0,0.0,0.5892001717516387,0.2895368371173068,2.1355960317439756e-10,7.736115746123255e-05,5.908887629230097e-07,5.688351093247839e-06,0.08075771249854297,3.4876568617319963e-06,4.550957781508729e-08
5.883444801282485,0.07971414299541692,0.0,0.0,0.0,0.0,0.5875156995453243,0.28869470210699233,2.1362694676163771e-10,7.724134726603203e-05,5.900947164669215e-07,5.68743690249152e-06,0.08244224586106293,3.4772061523184105e-06,4.5191779639843584e-08
6.006217743826365,0.07964427425911132,0.0,0.0,0.0,0.0,0.5858349854231136,0.2878544467950455,2.1369134422760178e-10,7.712068482528702e-05,5.8928153450939e-07,5.6863755496741565e-06,0.08412302165832025,3.466783207398054e-06,4.4876904039859095e-08
6.128990686370246,0.0795745633369252,0.0,0.0,0.0,0.0,0.5841580676474233,0.2870160902937714,2.1375284922079368e-10,7.699919404703399e-05,5.884496270659084e-07,5.685169641146505e-06,0.0858000016142308,3.4563881615561303e-06,4.4564913354455996e-08
6.2517636289141265,0.07950501181825177,0.0,0.0,0.0,0.0,0.582484983394191,0.286179651172869,2.1381151301959286e-10,7.687689803911336e-05,5.875993895463533e-07,5.683821679053218e-06,0.08747314853965611,3.446021148237339e-06,4.425577252469922e-08
6.374536571458007,0.07943562117620831,0.0,0.0,0.0,0.0,0.5808157687690383,0.2853451474668824,2.1386738775722277e-10,7.675381990312313e-05,5.867312221607191e-07,5.682334202791414e-06,0.08914242631575466,3.4356822914092865e-06,4.394944389391939e-08
6.4850322197475,0.07937330836161544,0.0,0.0,0.0,0.0,0.5793168131386746,0.2845957633969301,2.1391533143721897e-10,7.66423991252006e-05,5.859348583337402e-07,5.680878194578219e-06,0.09064143918085117,3.4264015001949652e-06,4.3676126148313544e-08
6.584478303208043,0.07931734011124661,0.0,0.0,0.0,0.0,0.5779704778351398,0.2839226805094447,2.1395661303674288e-10,7.654160729087716e-05,5.852062084348153e-07,5.67947429480955e-06,0.09198782631088227,3.4180684456379053e-06,4.343204303327641e-08
6.683924386668587,0.07926147994503521,0.0,0.0,0.0,0.0,0.5766267422208565,0.28325089783006613,2.1399615174532273e-10,7.644034118990556e-05,5.844664702548948e-07,5.6779831257984626e-06,0.09333161404351899,3.40975407881367e-06,4.318974463752702e-08
6.783370470129131,0.07920572857938028,0.0,0.0,0.0,0.0,0.5752856235266376,0.2825804239649883,2.1403397448336916e-10,7.633861246279032e-05,5.837158495784676e-07,5.676405998053977e-06,0.09467278514126701,3.401458459708146e-06,4.294921366233967e-08
6.882816553589675,0.07915008671080724,0.0,0.0,0.0,0.0,0.5739471385718771,0.2819112673153016,2.1407010577897213e-10,7.623643198911374e-05,5.829545376476414e-07,5.674744119408133e-06,0.09601132277849743,3.393181646744216e-06,4.27104325601172e-08
6.982262637050218,0.07909455502542358,0.0,0.0,0.0,0.0,0.5726113037523984,0.2812434360704465,2.1410456874055768e-10,7.613381049060718e-05,5.821827206961468e-07,5.672998646398055e-06,0.09734721055326166,3.3849236959043543e-06,4.247338409090127e-08
7.081708720510762,0.07903913418206725,0.0,0.0,0.0,0.0,0.5712781350699329,0.2805769382226702,2.1413738813363283e-10,7.603075886316353e-05,5.814005918488825e-07,5.671170798805759e-06,0.09868043245757717,3.376684661025822e-06,4.2238050953791074e-08
7.181154803971306,0.07898382483166241,0.0,0.0,0.0,0.0,0.5699476480685782,0.2799117815356558,2.141685893330506e-10,7.592728766192204e-05,5.806083423864992e-07,5.669261806002409e-06,0.10001097294126261,3.3684645967771836e-06,4.200441711915886e-08
7.2806008874318495,0.07892862762006785,0.0,0.0,0.0,0.0,0.5686198579461678,0.2792479736000898,2.1419819483069122e-10,7.58234073050417e-05,5.798061547814142e-07,5.667272799526196e-06,0.10133881680052766,3.3602635536080215e-06,4.177246598099587e-08
7.380046970892393,0.07887354313289593,0.0,0.0,0.0,0.0,0.5672947795467578,0.27858552182992474,2.1422622704904485e-10,7.57191280098289e-05,5.789942093888149e-07,5.665204903521391e-06,0.10266394918546466,3.3520815811413516e-06,4.154218135289516e-08
7.479493054352937,0.07881857198746907,0.0,0.0,0.0,0.0,0.5659724273190285,0.27792443344152346,2.1425270979205947e-10,7.561445984763713e-05,5.781726891375943e-07,5.663059283749347e-06,0.10398635564159191,3.3439187281566207e-06,4.1313547228047964e-08
7.578939137813481,0.07876371476467645,0.0,0.0,0.0,0.0,0.5646528153273056,0.27726471545924103,2.1427766570019218e-10,7.550941268391666e-05,5.773417718834751e-07,5.660837061662549e-06,0.1053060220989124,3.3357750419419797e-06,4.1086548136956715e-08
7.6783852212740245,0.07870897203568632,0.0,0.0,0.0,0.0,0.5633359572564686,0.2766063747177484,2.143011163993107e-10,7.540399634839799e-05,5.765016325865052e-07,5.658539327044485e-06,0.10662293486691231,3.327650566564777e-06,4.086116825877794e-08
7.777831304734568,0.07865434435339078,0.0,0.0,0.0,0.0,0.5620218664255141,0.27594941786900035,2.1432308354403725e-10,7.529822037611957e-05,5.756524432962803e-07,5.656167160643674e-06,0.10793708062111428,3.3195453462479703e-06,4.063739267967984e-08
7.877277388195112,0.078599832257043,0.0,0.0,0.0,0.0,0.5607105557905556,0.27529385138352397,2.1434358936829106e-10,7.519209427817008e-05,5.747943778755791e-07,5.653721662928851e-06,0.10924844639992574,3.3114594225121546e-06,4.0415205907389515e-08
7.976723471655656,0.07854543626966018,0.0,0.0,0.0,0.0,0.5594020379573488,0.274639681556941,2.143626546078562e-10,7.508562722588605e-05,5.739276024507759e-07,5.651203874045199e-06,0.11055701959231908,3.303392837020246e-06,4.019459373889894e-08
8.076169555116198,0.07849115690149079,0.0,0.0,0.0,0.0,0.5580963251777088,0.273986914507772,2.1438030033063681e-10,7.497882856335454e-05,5.730522863630117e-07,5.648614854869165e-06,0.11186278794110711,3.2953456267728665e-06,3.997554053005744e-08
8.175615638576742,0.0784369946461312,0.0,0.0,0.0,0.0,0.5567934293674649,0.27333555618700556,2.1439654659776816e-10,7.487170703884927e-05,5.721685896500976e-07,5.645955609958197e-06,0.11316573952542427,3.2873178320247903e-06,3.975803323375541e-08
8.275061722037286,0.07838294998650779,0.0,0.0,0.0,0.0,0.5554933620932301,0.27268561237064504,2.1441141494748011e-10,7.476427188548455e-05,5.712766824296675e-07,5.6432272143009104e-06,0.1144658627733333,3.2793094852645234e-06,3.9542055570635395e-08
8.37450780549783,0.07832902338686452,0.0,0.0,0.0,0.0,0.554196134604742,0.27203708867709664,2.1442492365220624e-10,7.465653126574453e-05,5.703767136094186e-07,5.64043059412703e-06,0.11576314643040346,3.271320626696495e-06,3.932759651326297e-08
8.462788737895622,0.0782812505875239,0.0,0.0,0.0,0.0,0.5530469395516819,0.27146257127777734,2.1443579347309453e-10,7.45606385098461e-05,5.69571168998997e-07,5.637891654183212e-06,0.11691239150485072,3.2642450545238985e-06,3.9138473293007124e-08
8.542241577053634,0.07823833519252012,0.0,0.0,0.0,0.0,0.5520145909399017,0.2709464692326005,2.1444468570825054e-10,7.447414021455177e-05,5.688409502582658e-07,5.635561919218497e-06,0.11794478526086034,3.2578902106604685e-06,3.896926807291271e-08
8.613749132295844,0.07819977641425832,0.0,0.0,0.0,0.0,0.551087042529688,0.27048276017774675,2.144519756220438e-10,7.439613752631104e-05,5.681795846679783e-07,5.633429378432761e-06,0.11887237440005048,3.252181532094501e-06,3.881779114654179e-08
8.685256687538054,0.07816127945571223,0.0,0.0,0.0,0.0,0.5501609809265574,0.2700197946335084,2.1445859687170187e-10,7.431799183478708e-05,5.675143268958127e-07,5.631263295432098e-06,0.11979847682432268,3.2464829835196e-06,3.866707431254946e-08
8.756764242780264,0.07812284445159262,0.0,0.0,0.0,0.0,0.5492364098297282,0.26955757444701406,2.1446455658592366e-10,7.423970627683825e-05,5.66845234914561e-07,5.629064032337475e-06,0.12072308883265162,3.240794575679263e-06,3.85171127430869e-08
8.828271798022474,0.07808447157155632,0.0,0.0,0.0,0.0,0.5483133328135532,0.26909610140304335,2.144698620213131e-10,7.416128387960187e-05,5.66172365551205e-07,5.626831951294394e-06,0.12164620684893242,3.235116318751112e-06,3.836790142018093e-08
8.899779353264684,0.07804616094516482,0.0,0.0,0.0,0.0,0.547391753405396,0.26863537726298664,2.1447452006603857e-10,7.408272753577362e-05,5.654957732636232e-07,5.624567397252941e-06,0.12256782734412858,3.229448223344927e-06,3.8219435643787116e-08
8.971286908506894,0.07800791272804003,0.0,0.0,0.0,0.0,0.5464716750194816,0.26817540373161497,2.1447853734407784e-10,7.400404020834001e-05,5.648155130321236e-07,5.622270710688151e-06,0.12348794690230819,3.223790298728819e-06,3.8071710562816037e-08
9.114302018991316,0.07793160404540755,0.0,0.0,0.0,0.0,0.5446360345561014,0.2672577151066408,2.1448467576062567e-10,7.384628417155114e-05,5.634442037838733e-07,5.617582282866057e-06,0.12532366995922675,3.212504997254103e-06,3.777846311319388e-08
9.257317129475737,0.07785554660466568,0.0,0.0,0.0,0.0,0.542806437282685,0.2663430484396635,2.1448833110810747e-10,7.368803863072393e-05,5.62058868548663e-07,5.61276938739738e-06,0.12715335014719495,3.201260485014949e-06,3.748812156336707e-08
9.400332239960159,0.077779741422837,0.0,0.0,0.0,0.0,0.5409829078449278,0.26543141603595877,2.144895548246542e-10,7.352932579855008e-05,5.606599255195666e-07,5.607834648301177e-06,0.12897696280767998,3.190056827952598e-06,3.720064966946716e-08
9.54334735044458,0.07770418948391868,0.0,0.0,0.0,0.0,0.5391654696837538,0.26452282959867957,2.1448839788522452e-10,7.337016755761302e-05,5.592477885297958e-07,5.602780667257074e-06,0.1307944844871025,3.1788940839926748e-06,3.6916010212125374e-08
9.686362460929002,0.07762889169518401,0.0,0.0,0.0,0.0,0.537354145009262,0.26361730021597385,2.1448491030433153e-10,7.321058527314303e-05,5.578228631962246e-07,5.597609997513488e-06,0.13260589296299857,3.1677723076035597e-06,3.6634167897358125e-08
9.829377571413424,0.0775538489500375,0.0,0.0,0.0,0.0,0.5355489548978075,0.26271483840949084,2.1447914104970873e-10,7.305059984040256e-05,5.563855476519363e-07,5.592325145304586e-06,0.134411167146914,3.1566915473716418e-06,3.6355087505786026e-08
9.972392681897846,0.07747906205900584,0.0,0.0,0.0,0.0,0.5337499192698854,0.26181545412344004,2.1447113771414598e-10,7.28902315342221e-05,5.54936229440676e-07,5.586928550977752e-06,0.1362102871066086,3.145651848478861e-06,3.607873543399303e-08
9.999999999999998,0.0774045318224047,0.0,0.0,0.0,0.0,0.5334033477482255,0.26164219416928913,2.144693394964854e-10,7.285923199974837e-05,5.54655106640799e-07,5.58587414188651e-06,0.13655687493636387,3.1435255011520506e-06,3.602570028972364e-08
10.115407792382268,0.0774045318224047,0.0,0.0,0.0,0.0,0.5319570570869793,0.2609191568226788,2.1446094756489533e-10,7.272950044056368e-05,5.534752938699787e-07,5.5814226430813115e-06,0.1380032338689561,3.134653248551061e-06,3.580507665506528e-08
10.25842290286669,0.0773302589740138,0.0,0.0,0.0,0.0,0.5301703860930019,0.2600259553637777,2.1444861661721304e-10,7.256842600967995e-05,5.52003115438811e-07,5.575809785539387e-06,0.13978998967876216,3.123695783484204e-06,3.553407908350618e-08
10.387136502302669,0.07726363404858119,0.0,0.0,0.0,0.0,0.5285676894186134,0.2592247278599404,2.1443572555749204e-10,7.242318120751572e-05,5.506688462460268e-07,5.570668689791283e-06,0.14139276288037542,3.113869258357804e-06,3.529242901984825e-08
10.515850101738648,0.07719721864161004,0.0,0.0,0.0,0.0,0.5269700324993603,0.2584260204110662,2.1442116934731043e-10,7.227768738285453e-05,5.493260330087061e-07,5.565444518151693e-06,0.14299049650144724,3.1040760930018627e-06,3.5052884087942255e-08
10.644563701174627,0.07713101319999119,0.0,0.0,0.0,0.0,0.5253774261276547,0.2576298384028449,2.1440497974227796e-10,7.213195783210208e-05,5.47974934368942e-07,5.560138908664626e-06,0.14458317974183965,3.0943163034088066e-06,3.481542163667669e-08
10.773277300610607,0.07706501814945324,0.0,0.0,0.0,0.0,0.5237898804576051,0.25683618690199067,2.1438718773373932e-10,7.198600563621873e-05,5.466158051639041e-07,5.554753470250712e-06,0.14617080243984448,3.084589901056331e-06,3.458001844799044e-08
10.901990900046586,0.07699923388199634,0.0,0.0,0.0,0.0,0.5222074049999536,0.25604507065363075,2.1436782448962024e-10,7.183984375135869e-05,5.45248898848183e-07,5.549289813057363e-06,0.14775335507718312,3.074896894751355e-06,3.434665182429479e-08
11.030704499482566,0.07693366076710799,0.0,0.0,0.0,0.0,0.5206300086353771,0.25525649408821216,2.1434692014906016e-10,7.169348468616613e-05,5.438744609814443e-07,5.543749497059341e-06,0.14933082876589845,3.0652372923942787e-06,3.411530049131491e-08
11.159418098918545,0.07686829914809011,0.0,0.0,0.0,0.0,0.5190576996349623,0.25447046133168194,2.1432450367589257e-10,7.154694058181935e-05,5.424927301927918e-07,5.538134033813249e-06,0.15090321522783928,3.0556110978497108e-06,3.3885942622338576e-08
11.288131698354524,0.07680314934506428,0.0,0.0,0.0,0.0,0.5174904856730027,0.2536869762114988,2.1430060461756034e-10,7.140022369879733e-05,5.411039483261028e-07,5.5324449603679064e-06,0.1524705067815709,3.046018310242864e-06,3.3658555730301065e-08
11.416845297790504,0.07673821165121625,0.0,0.0,0.0,0.0,0.5159283738348671,0.2529060422609853,2.1427525193961127e-10,7.125334587626538e-05,5.397083499085017e-07,5.526683776181496e-06,0.1540326963348207,3.0364589298304934e-06,3.343311983924352e-08
11.545558897226483,0.07667348633759509,0.0,0.0,0.0,0.0,0.5143713706277693,0.25212766272456755,2.1424847364409538e-10,7.110631873498778e-05,5.383061653834906e-07,5.520851946830434e-06,0.15558977737360186,3.0269329508952635e-06,3.3209613220654045e-08
11.661401136718865,0.07661541534412092,0.0,0.0,0.0,0.0,0.5129744405473111,0.2514293076217281,2.1422317680070262e-10,7.097387589048747e-05,5.370387522499783e-07,5.515544074388785e-06,0.15698677759684418,3.018388124233249e-06,3.301009078741432e-08
11.777243376211247,0.07655751674349678,0.0,0.0,0.0,0.0,0.5115816572353754,0.2507330259693456,2.141967672421658e-10,7.084132937547361e-05,5.357663486803935e-07,5.510181177325985e-06,0.15837963113590264,3.00987034029998e-06,3.281209942630599e-08
11.89308561570363,0.076499790683982,0.0,0.0,0.0,0.0,0.5101930242918534,0.2500388195610735,2.1416926457133462e-10,7.070868715074675e-05,5.344891138549194e-07,5.504764277454827e-06,0.15976833438623547,3.001379592335637e-06,3.2615625553458966e-08
12.008927855196012,0.076442237301758,0.0,0.0,0.0,0.0,0.508808544964282,0.249346690014425,2.1414068818677336e-10,7.057595713687135e-05,5.332072066984334e-07,5.499294392069201e-06,0.1611528840956783,2.9929158689583205e-06,3.242065388899359e-08
12.113185870739155,0.0763905869960368,0.0,0.0,0.0,0.0,0.5075660673167841,0.24872555033694785,2.1411406707140993e-10,7.045643142039917e-05,5.320496230578543e-07,5.494327012548278e-06,0.1623954251473209,2.9853216153509632e-06,3.224645262671288e-08
12.217443886282298,0.07633907673386109,0.0,0.0,0.0,0.0,0.5063269583433748,0.24810609503080647,2.1408660493256835e-10,7.033684619362458e-05,5.308884884199051e-07,5.489318217775262e-06,0.1636345975788894,2.9777492341134287e-06,3.2073446975039156e-08
12.321701901825442,0.07628770658623578,0.0,0.0,0.0,0.0,0.5050912197128331,0.24748832492601514,2.1405831524817323e-10,7.021720700114761e-05,5.297239146639723e-07,5.48426872140091e-06,0.1648703997183634,2.970198713319238e-06,3.190162603817549e-08
12.425959917368585,0.07623647661219661,0.0,0.0,0.0,0.0,0.5038588528802515,0.24687224074584377,2.1402921154873024e-10,7.00975192562524e-05,5.285560108068701e-07,5.479179231083353e-06,0.166102830107481,2.962670042533502e-06,3.173098050977849e-08
12.530217932911729,0.07618538686338423,0.0,0.0,0.0,0.0,0.5026298590958168,0.246257843111363,2.1399930680105195e-10,6.9977788050104e-05,5.273848810401912e-07,5.474050423006357e-06,0.16733188749306735,2.9551632100535624e-06,3.1561500635589675e-08
12.634475948454872,0.07613443738452218,0.0,0.0,0.0,0.0,0.5014042393974507,0.24564513253737974,2.139686138100979e-10,6.985801864918005e-05,5.262106323970036e-07,5.468882979846171e-06,0.1685575708341197,2.9476782007265585e-06,3.1393175643405904e-08
12.738733963998015,0.07608362820889147,0.0,0.0,0.0,0.0,0.5001819946214742,0.24503410943800205,2.1393714521858906e-10,6.973821618840592e-05,5.250333678989312e-07,5.463677572573709e-06,0.16977987929131053,2.940215001439999e-06,3.1225996713552847e-08
12.842991979541159,0.07603295936123945,0.0,0.0,0.0,0.0,0.4989631253860512,0.2444247741185151,2.1390491369594308e-10,6.961838547085583e-05,5.238531876339613e-07,5.458434855383945e-06,0.1709988122436473,2.93277359761565e-06,3.105995433822453e-08
12.947249995084302,0.07598243086266276,0.0,0.0,0.0,0.0,0.497747632146474,0.24381712680260956,2.1387193138995702e-10,6.949853151495689e-05,5.226701935238129e-07,5.453155481747129e-06,0.17221436923289973,2.925353971733497e-06,3.089503828648774e-08
13.051508010627446,0.07593204272297088,0.0,0.0,0.0,0.0,0.4965355151631955,0.24321116761659964,2.138382109145117e-10,6.937865927703753e-05,5.214844869297487e-07,5.447840114405431e-06,0.1734265499957043,2.917956107027323e-06,3.0731239353475854e-08
13.155766026170589,0.07588179494448322,0.0,0.0,0.0,0.0,0.4953267745037893,0.2426068965905981,2.1380376425721577e-10,6.925877341010319e-05,5.202961638888958e-07,5.44248938238024e-06,0.1746353544617502,2.9105799868639645e-06,3.0568548858904864e-08
13.260024041713733,0.07583168752221194,0.0,0.0,0.0,0.0,0.4941214100491514,0.24200431366142292,2.1376860286954804e-10,6.91388785181997e-05,5.191053190826171e-07,5.4371038993173916e-06,0.17584078274743803,2.90322559215884e-06,3.040695731566414e-08
13.364282057256876,0.07578172045204064,0.0,0.0,0.0,0.0,0.492919421484613,0.24140341866801027,2.137327386982651e-10,6.901897933140622e-05,5.179120499486191e-07,5.4316842999994564e-06,0.17704283516465658,2.8958929022311794e-06,3.0246455061598586e-08
13.46854007280002,0.07573189368856954,0.0,0.0,0.0,0.0,0.4917208083383089,0.24080421137090482,2.1369618350572923e-10,6.889908031071365e-05,5.16716449061222e-07,5.4262311981145906e-06,0.17824151218264114,2.888581898436861e-06,3.00870340238761e-08
13.572798088343163,0.07568220722950568,0.0,0.0,0.0,0.0,0.49052556994923313,0.24020669143604728,2.136589485696689e-10,6.877918597003115e-05,5.155186097846241e-07,5.420745200033888e-06,0.1794368144597441,2.8812925582262473e-06,2.992868450395848e-08
13.677056103886306,0.0756326610312556,0.0,0.0,0.0,0.0,0.4893337054835861,0.23961085844315136,2.136210450112277e-10,6.865930060200319e-05,5.143186212780162e-07,5.4152268943005e-06,0.18062874282723554,2.874024860892155e-06,2.9771398427542186e-08
13.78131411942945,0.07558325505278667,0.0,0.0,0.0,0.0,0.4881452139361887,0.23901671188617196,2.1358248409278378e-10,6.853942859163012e-05,5.131165748881342e-07,5.409676880557249e-06,0.1818172982877107,2.8667787824225933e-06,2.961516631630135e-08
13.885572134972593,0.07553398924457973,0.0,0.0,0.0,0.0,0.48696009413780883,0.23842425117721158,2.1354327663574806e-10,6.841957409979567e-05,5.119125573390203e-07,5.404095733016189e-06,0.18300248200794733,2.859554300612267e-06,2.9459980327414065e-08
13.989830150515736,0.07548486355189576,0.0,0.0,0.0,0.0,0.48577834475324866,0.23783347564532503,2.1350343360131054e-10,6.829974137439871e-05,5.107066574613002e-07,5.398484036644892e-06,0.18418429532063815,2.852351389877333e-06,2.9305831133342015e-08
14.09408816605888,0.0754358779116739,0.0,0.0,0.0,0.0,0.48459996428871355,0.23724438454045468,2.1346296549218663e-10,6.817993442354014e-05,5.094989591590178e-07,5.39284234945821e-06,0.18536273971721087,2.8451700266221552e-06,2.9152711123326485e-08
14.198346181602023,0.07538703225598183,0.0,0.0,0.0,0.0,0.4834249510896071,0.23665697703205807,2.134218829975396e-10,6.806015736721879e-05,5.082895489521618e-07,5.387171243051079e-06,0.18653781684982948,2.8380101836394586e-06,2.9000611051891714e-08
14.302604197145167,0.07533832650862379,0.0,0.0,0.0,0.0,0.4822533033487227,0.23607125221349,2.1338019631256532e-10,6.7940414064729e-05,5.070785079586117e-07,5.381471259627596e-06,0.18770952852341866,2.830871836088541e-06,2.884952359781442e-08
14.40686221268831,0.07528976058899678,0.0,0.0,0.0,0.0,0.4810850191031384,0.23548720910013635,2.133379158870574e-10,6.782070852177803e-05,5.058659206551516e-07,5.375742959027795e-06,0.18887787669853312,2.8237549550898127e-06,2.869943953449646e-08
14.511120228231453,0.07524133440815989,0.0,0.0,0.0,0.0,0.47992009624350435,0.23490484663440261,2.132950515967862e-10,6.770104444304161e-05,5.046518652228112e-07,5.369986866836401e-06,0.19004286348232946,2.816659514741788e-06,2.8550351903438638e-08
14.615378243774597,0.07519304787338241,0.0,0.0,0.0,0.0,0.47875853250941747,0.23432416368301484,2.1325161367682728e-10,6.758142573369677e-05,5.03436424371426e-07,5.364203532614959e-06,0.19120449113290072,2.809585484384479e-06,2.840225139670868e-08
14.71963625931774,0.07514490088354339,0.0,0.0,0.0,0.0,0.47760032549812115,0.2337451590417486,2.1320761186678998e-10,6.746185600615331e-05,5.022196746015638e-07,5.3583934737822906e-06,0.19236276205086209,2.802532836772756e-06,2.8255131253284404e-08
14.823894274860884,0.07509689333342846,0.0,0.0,0.0,0.0,0.4764454726651476,0.23316783143550734,2.131630557679835e-10,6.734233889973886e-05,5.01001693393657e-07,5.352557208190003e-06,0.19351767877852505,2.7955015410669014e-06,2.810898293511781e-08
14.928152290404027,0.07504902511102475,0.0,0.0,0.0,0.0,0.475293971328758,0.232592179520645,2.1311795483750383e-10,6.722287794243739e-05,4.997825558114691e-07,5.3466952425885755e-06,0.19466924399553617,2.7884915674979767e-06,2.7963799072071092e-08
15.03241030594717,0.07500129609968918,0.0,0.0,0.0,0.0,0.4741458186674266,0.23201820188354336,2.1307231882305006e-10,6.71034767641196e-05,4.985623393239936e-07,5.340808098716025e-06,0.19581746052126803,2.781502883831561e-06,2.781957129360179e-08
15.136668321490314,0.07495370617572097,0.0,0.0,0.0,0.0,0.47300101172731757,0.23144589704462876,2.1302615692122706e-10,6.698413873896039e-05,4.973411160210625e-07,5.334896267802912e-06,0.19696233130755153,2.774535459810283e-06,2.767629283679895e-08
15.240926337033457,0.07490625521159383,0.0,0.0,0.0,0.0,0.4718595474197336,0.2308752634568004,2.129794785189466e-10,6.686486736891559e-05,4.961189609832371e-07,5.328960255846173e-06,0.1981038594410047,2.767589261506383e-06,2.7533955177836277e-08
15.3451843525766,0.07485894307265152,0.0,0.0,0.0,0.0,0.47072142252880333,0.2303062995095599,2.129322925795754e-10,6.674566591054292e-05,4.948959440561186e-07,5.323000541671952e-06,0.1992420481355618,2.7606642575668543e-06,2.7392551776434493e-08
15.449442368119744,0.07481176962038551,0.0,0.0,0.0,0.0,0.46958663371223314,0.22973900352918386,2.128846079628314e-10,6.662653764341942e-05,4.936721359444886e-07,5.3170176048265026e-06,0.20037690073156594,2.7537604136855737e-06,2.7252074671026626e-08
15.553700383662887,0.07476473471030548,0.0,0.0,0.0,0.0,0.46845517750520194,0.22917337378076125,2.1283643339676257e-10,6.650748574877929e-05,4.924476051824009e-07,5.311011914888231e-06,0.20150842069194433,2.7468776964251503e-06,2.7112516889144438e-08
15.65795839920603,0.07471783819377177,0.0,0.0,0.0,0.0,0.46732705031778704,0.2286094084667522,2.1278777789850418e-10,6.638851350855484e-05,4.912224226712083e-07,5.304983956182429e-06,0.20263661160466556,2.740016070089728e-06,2.697387053583641e-08
15.762216414749174,0.07467107991577072,0.0,0.0,0.0,0.0,0.46620224844237634,0.2280471057309716,2.1273864993120718e-10,6.626962394937932e-05,4.899966538822129e-07,5.298934182302891e-06,0.203761477175536,2.733175501000059e-06,2.6836129297872206e-08
15.866474430292318,0.07462445971788341,0.0,0.0,0.0,0.0,0.46508076805226006,0.22748646365761518,2.1268905803809932e-10,6.615082019171924e-05,4.887703665990183e-07,5.2928630566788965e-06,0.20488302122940616,2.7263559521497264e-06,2.6699285233982483e-08
15.970732445835461,0.07457797743579599,0.0,0.0,0.0,0.0,0.4639626052057081,0.22692748027346385,2.1263901065061052e-10,6.603210523214504e-05,4.875436258565045e-07,5.286771031190537e-06,0.20600124770621636,2.7195573881058954e-06,2.6563331790798626e-08
16.074990461378604,0.0745316329011591,0.0,0.0,0.0,0.0,0.46284775584625204,0.2263701535479226,2.1258851617183453e-10,6.591348207846664e-05,4.863164972238822e-07,5.2806585589485675e-06,0.20711616066063926,2.7127797714946263e-06,2.6428261590800373e-08
16.17924847692175,0.07448542594013843,0.0,0.0,0.0,0.0,0.46173621580982555,0.2258144813967675,2.1253758248092776e-10,6.579495352110902e-05,4.850890416267551e-07,5.274526065737205e-06,0.2082277642550721,2.7060230662929273e-06,2.6294068408684062e-08
16.283506492464895,0.07443935637567058,0.0,0.0,0.0,0.0,0.46062798082296186,0.2252604616809893,2.1248621766211697e-10,6.567652246278702e-05,4.83861322668612e-07,5.268373991156104e-06,0.2093360627612469,2.6992872335745165e-06,2.6160744636370473e-08
16.38776450800804,0.07439342402532276,0.0,0.0,0.0,0.0,0.4595230465054943,0.22470809220829668,2.1243442977517629e-10,6.555819171654874e-05,4.82633401886424e-07,5.26220276760792e-06,0.21044106055764597,2.6925722357522593e-06,2.6028283894957844e-08
16.492022523551185,0.07434762870280656,0.0,0.0,0.0,0.0,0.45842140837078893,0.22415737073316871,2.123822268286674e-10,6.543996409295969e-05,4.814053410393163e-07,5.256012827105678e-06,0.21154276212922032,2.6858780336145197e-06,2.5896679145729147e-08
16.59628053909433,0.07430197021680757,0.0,0.0,0.0,0.0,0.4573230618325991,0.22360829496044385,2.1232961629778517e-10,6.532184219116542e-05,4.801771973637014e-07,5.249804574528661e-06,0.21264117206065733,2.6792045891305482e-06,2.5765924367671184e-08
16.700538554637475,0.07425644837299704,0.0,0.0,0.0,0.0,0.4562280022036949,0.22306086254439356,2.1227660583140225e-10,6.52038287096545e-05,4.789490305028764e-07,5.243578426879909e-06,0.21373629503756944,2.6725518616039813e-06,2.56360122685062e-08
16.80479657018062,0.0742110629721266,0.0,0.0,0.0,0.0,0.45513622469836484,0.2225150710901081,2.122232030735944e-10,6.508592626823619e-05,4.777208982499481e-07,5.237334795142192e-06,0.21482813584409513,2.6659198115472423e-06,2.5506936677708283e-08
16.909054585723766,0.07416581381136636,0.0,0.0,0.0,0.0,0.4540477244326142,0.2219709181535393,2.1216941562778891e-10,6.496813748506765e-05,4.7649285862200127e-07,5.2310740901193914e-06,0.21591669936265634,2.6593083979994336e-06,2.5378690832619774e-08
17.01331260126691,0.07412070068324006,0.0,0.0,0.0,0.0,0.45296249643081016,0.2214284012449817,2.12115250570406e-10,6.485046477184447e-05,4.752649651953584e-07,5.2247966959120215e-06,0.21700199056743458,2.6527175811574424e-06,2.5251268948141052e-08
17.117570616810056,0.07407572337754587,0.0,0.0,0.0,0.0,0.4518805356242024,0.22088751782809454,2.120607151529754e-10,6.473291064120103e-05,4.7403727399873314e-07,5.21850300887512e-06,0.21808401452566964,2.6461473186212295e-06,2.5124663981987362e-08
17.2218286323532,0.07403088167962889,0.0,0.0,0.0,0.0,0.4508018368516949,0.22034826532038135,2.1200581677595718e-10,6.461547758112505e-05,4.728098403243507e-07,5.212193426628753e-06,0.21916277639695947,2.639597568854789e-06,2.499886980679235e-08
17.326086647896346,0.07398617537078987,0.0,0.0,0.0,0.0,0.4497263948644694,0.21981064109560441,2.119505624266715e-10,6.449816792838148e-05,4.715827164619727e-07,5.205868327187986e-06,0.2202382814287124,2.633068290304777e-06,2.487388049669864e-08
17.43034466343949,0.07394160422954828,0.0,0.0,0.0,0.0,0.4486542043288687,0.21927464248516199,2.1189495878870442e-10,6.438098395147763e-05,4.7035595338243196e-07,5.19952807734351e-06,0.22131053495321729,2.6265594405336043e-06,2.4749689854937396e-08
17.534602678982637,0.07389716803096705,0.0,0.0,0.0,0.0,0.44758525982361386,0.21874026677653935,2.1183901293599078e-10,6.426392804933266e-05,4.6912960480892373e-07,5.1931730624095375e-06,0.2223795423903073,2.6200709756635063e-06,2.4626291195863096e-08
17.638860694525782,0.07385286654558772,0.0,0.0,0.0,0.0,0.4465195558566132,0.21820751122197782,2.1178273166545062e-10,6.414700241115959e-05,4.6790371996710574e-07,5.186803646112956e-06,0.22344530923074812,2.6136028539100792e-06,2.450367928818007e-08
17.743118710068927,0.07380869954215542,0.0,0.0,0.0,0.0,0.4454570868418201,0.21767637302670512,2.1172612159685399e-10,6.403020927739708e-05,4.666783495785632e-07,5.1804201931855e-06,0.22450784105923333,2.6071550305072947e-06,2.4381847382647048e-08
17.847376725612072,0.07376466678459977,0.0,0.0,0.0,0.0,0.44439784710511837,0.2171468493519075,2.1166918959681644e-10,6.391355089446723e-05,4.65453544060962e-07,5.174023073642048e-06,0.2255671435485202,2.6007274616804583e-06,2.4260789757274467e-08
17.951634741155218,0.07372076803325743,0.0,0.0,0.0,0.0,0.4433418309004996,0.2166189373230088,2.1161194203905903e-10,6.379702927474197e-05,4.6422934927415983e-07,5.167612630327573e-06,0.22662322244339386,2.59432010415579e-06,2.4140501046563665e-08
18.055892756698363,0.07367700304707014,0.0,0.0,0.0,0.0,0.4422890324065303,0.2160926340275952,2.1155438517917505e-10,6.368064659653406e-05,4.630058147043727e-07,5.161189215960456e-06,0.22767608356397281,2.5879329115144043e-06,2.4020974385329302e-08
18.160150772241508,0.07363337158019718,0.0,0.0,0.0,0.0,0.441239445729454,0.21556793651720413,2.1149652565977936e-10,6.356440488663334e-05,4.6178298618039936e-07,5.154753180374095e-06,0.2287257328027793,2.5815658403644975e-06,2.3902204941292124e-08
18.264408787784653,0.07358987338429902,0.0,0.0,0.0,0.0,0.44019306489626286,0.21504484180384809,2.1143836934425195e-10,6.344830604971993e-05,4.60560907708098e-07,5.148304848433205e-06,0.2297721761316624,2.575218845223217e-06,2.3784186762864236e-08
18.368666803327798,0.07354650820897529,0.0,0.0,0.0,0.0,0.4391498838731152,0.214523346868999,2.1137992250893287e-10,6.333235214871515e-05,4.5933962622589993e-07,5.141844565462306e-06,0.23081541958321278,2.568891879665623e-06,2.3666913703888384e-08
18.472924818870943,0.07350327580055863,0.0,0.0,0.0,0.0,0.4381098965532914,0.214003448657716,2.1132119169390382e-10,6.321654520919512e-05,4.5811918791325133e-07,5.135372679873934e-06,0.23185546926291675,2.5625848979942176e-06,2.3550380287069443e-08
18.57718283441409,0.07346017590146806,0.0,0.0,0.0,0.0,0.43707309676182776,0.21348514408111632,2.1126218265530774e-10,6.310088703016085e-05,4.568996342374782e-07,5.12888950644216e-06,0.23289233134463985,2.556297854977185e-06,2.3434581469901553e-08
18.681440849957234,0.0734172082527116,0.0,0.0,0.0,0.0,0.43603947825508715,0.21296843001591018,2.1120290125116328e-10,6.298537950347217e-05,4.5568100888208875e-07,5.122395369873651e-06,0.23392601207086705,2.550030703071534e-06,2.3319511050552375e-08
18.78569886550038,0.07337437259444103,0.0,0.0,0.0,0.0,0.4350090347241048,0.2124533033061965,2.111433534399123e-10,6.287002445058691e-05,4.5446335383088966e-07,5.115890591363055e-06,0.23495651774944984,2.5437833961080704e-06,2.3205163921421774e-08
18.889956881043524,0.07333166865626453,0.0,0.0,0.0,0.0,0.43398175979620895,0.21193976076424612,2.1108354497618375e-10,6.275482366299958e-05,4.532467105950912e-07,5.109375486070737e-06,0.23598385475196534,2.5375558869055772e-06,2.3091534541177674e-08
18.99421489658667,0.0732890961734215,0.0,0.0,0.0,0.0,0.43295764703652995,0.21142779917125884,2.1102348156338106e-10,6.263977889691721e-05,4.520311199309806e-07,5.1028503654293146e-06,0.23700802951220845,2.5313481281868316e-06,2.2978617541246004e-08
19.098472912129814,0.07324665487584181,0.0,0.0,0.0,0.0,0.43193668994937706,0.21091741527804858,2.1096316885013716e-10,6.252489187753794e-05,4.5081662197916806e-07,5.096315537638684e-06,0.23802904852481302,2.5251600723879246e-06,2.2866407574376928e-08
19.3069889432161,0.07316216473729581,0.0,0.0,0.0,0.0,0.4299042164139667,0.20990136739641738,2.108418176335201e-10,6.229559777541504e-05,4.483910607357877e-07,5.083217968854952e-06,0.24006164568168065,2.5128428774952075e-06,2.264408762173808e-08
19.515504974302388,0.07307819605207108,0.0,0.0,0.0,0.0,0.42788428609353624,0.20889159056093556,2.1071953504191414e-10,6.206695449186731e-05,4.459703343680039e-07,5.070085166770379e-06,0.2420816993109415,2.500603917130879e-06,2.24245329726314e-08
19.724021005388675,0.07299474656496562,0.0,0.0,0.0,0.0,0.4258768450256545,0.20788805778062147,2.1059636357019586e-10,6.183897462224981e-05,4.435547393925066e-07,5.0569194541983085e-06,0.24408926336727094,2.48844280257497e-06,2.2207702619355143e-08
19.93253703647496,0.072911813975162,0.0,0.0,0.0,0.0,0.42388183838362714,0.20689074163277588,2.1047234455113548e-10,6.16116702415928e-05,4.4114456175305085e-07,5.0437230922492335e-06,0.24608439266990928,2.476359141467751e-06,2.1993556260920587e-08
20.14105306756125,0.07282939598083585,0.0,0.0,0.0,0.0,0.42189921052374535,0.20589961428658302,2.1034751825259736e-10,6.138505293409273e-05,4.3874007734053486e-07,5.030498284268482e-06,0.24806714285539552,2.4643525380587803e-06,2.1782054299569878e-08
20.558085129733822,0.0726660943630975,0.0,0.0,0.0,0.0,0.41797086506669856,0.20393581292329,2.1009559980520131e-10,6.093392356163681e-05,4.339492439344071e-07,5.003971867924677e-06,0.25199573193129615,2.4405689076349142e-06,2.1366828674785277e-08
20.975117191906396,0.07250482268954547,0.0,0.0,0.0,0.0,0.4140913489248049,0.2019964237616578,2.0984090961135975e-10,6.04856698023497e-05,4.291842531760932e-07,4.977356710975547e-06,0.255875490272766,2.417088686540666e-06,2.0961722475779677e-08
21.39214925407897,0.07234556124192446,0.0,0.0,0.0,0.0,0.4102601919245759,0.200081211656303,2.0958373343210666e-10,6.0040367926162316e-05,4.244469739316701e-07,4.950668471726542e-06,0.2597068880054605,2.3939086089816815e-06,2.0566442759337216e-08
21.809181316251543,0.07218829032283945,0.0,0.0,0.0,0.0,0.4064769147759736,0.19818993690881917,2.0932434230995524e-10,5.959808759979336e-05,4.197391371654321e-07,4.923922004181805e-06,0.26349040437542637,2.371025374969601e-06,2.018070650032319e-08
22.226213378424116,0.07203298953387231,0.0,0.0,0.0,0.0,0.4027410301645551,0.19632235581360052,2.090629929645494e-10,5.915889219821168e-05,4.1506234236496906e-07,4.897131383824683e-06,0.26722652665678126,2.3484356558223734e-06,1.9804240199846416e-08
22.64324544059669,0.07187963835064655,0.0,0.0,0.0,0.0,0.39905204369027747,0.19447822112695076,2.0879992859400026e-10,5.872283917278409e-05,4.104180643498878e-07,4.870309947083844e-06,0.2709157492126995,2.326136098695613e-06,1.9436779434422883e-08
23.060277502769264,0.0717282159841775,0.0,0.0,0.0,0.0,0.3954094546820514,0.19265728247410244,2.0853537962129447e-10,5.828998037333063e-05,4.05807659569745e-07,4.843470325761336e-06,0.2745585726806729,2.3041233306247086e-06,1.907806856007503e-08
23.477309564941837,0.0715787013217962,0.0,0.0,0.0,0.0,0.3918127572185021,0.19085928685930761,2.082695643429593e-10,5.786036241074939e-05,4.0123237364266823e-07,4.816624484357553e-06,0.27815550295154323,2.2823939636459386e-06,1.8727860316329072e-08
23.89434162711441,0.07143107321867531,0.0,0.0,0.0,0.0,0.3882614409405436,0.1890839790719253,2.0800268933815394e-10,5.7434026907882057e-05,3.966933455833118e-07,4.789783743037233e-06,0.2817070503567851,2.2609445989270365e-06,1.8385915550034486e-08
24.311373689286985,0.07128531025524047,0.0,0.0,0.0,0.0,0.3847549917828917,0.1873311020519469,2.0773495019246088e-10,5.701101078757044e-05,3.9219161387110657e-07,4.762958809284571e-06,0.2852137289368297,2.239771830330287e-06,1.8052002875050725e-08
24.728405751459558,0.07114139096082346,0.0,0.0,0.0,0.0,0.3812928926631618,0.18560039723431754,2.0746653207301184e-10,5.659134655787629e-05,3.877281224347243e-07,4.736159809628307e-06,0.2886760557517999,2.2188722477904264e-06,1.7725898364140202e-08
25.562469875804705,0.07085899692457422,0.0,0.0,0.0,0.0,0.3744996651935678,0.18220446445505964,2.0692834951355578e-10,5.57621831904975e-05,3.789191909014957e-07,4.68267735492086e-06,0.29546973335350557,2.1778790012918815e-06,1.709625384213457e-08
26.29500315577946,0.07061685297406994,0.0,0.0,0.0,0.0,0.36867468501722683,0.17929256296906854,2.0645503345548297e-10,5.5045247657846696e-05,3.713161359413158e-07,4.635877869915984e-06,0.30129510300064705,2.142744379822294e-06,1.6566997880630464e-08
27.027536435754218,0.07038007936543529,0.0,0.0,0.0,0.0,0.3629788896910238,0.17644524499870154,2.0598193738682734e-10,5.4338965754124296e-05,3.638413384929724e-07,4.589284566396063e-06,0.3069912822394877,2.1084027581494925e-06,1.6058840434332933e-08
27.760069715728974,0.07014855840357048,0.0,0.0,0.0,0.0,0.3574094503227622,0.17366109606298383,2.0550977055916192e-10,5.364339447415005e-05,3.5649732287798504e-07,4.542935889911543e-06,0.3125610999119792,2.074835891514721e-06,1.5570785215178095e-08
28.49260299570373,0.06992217299113684,0.0,0.0,0.0,0.0,0.35196354879280384,0.17093870708831155,2.0503917445255002e-10,5.2958564128921586e-05,3.4928602643426025e-07,4.496866404780922e-06,0.3180073741033846,2.0420256930895716e-06,1.5101889677149815e-08
29.225136275678487,0.06970080665755458,0.0,0.0,0.0,0.0,0.3466383842634871,0.16827667766102153,2.0457072820391385e-10,5.228448102292793e-05,3.4220885576188514e-07,4.451107088852656e-06,0.3233329056313171,2.0099542655231223e-06,1.4651261666410203e-08
29.957669555653244,0.06948434395448481,0.0,0.0,0.0,0.0,0.34143117890517716,0.16567361888839402,2.0410495006623716e-10,5.1621129993273096e-05,3.352667391843665e-07,4.405685594056934e-06,0.32854047231823874,1.978603928439655e-06,1.4218056454765097e-08
30.690202835628,0.06927267055607815,0.0,0.0,0.0,0.0,0.33633918292387627,0.16312815591045796,2.0364230545674102e-10,5.0968476906696375e-05,3.2846018038914576e-07,4.360626560847477e-06,0.3336328239623895,1.947957242338089e-06,1.3801473821326803e-08
31.422736115602756,0.06906567349864733,0.0,0.0,0.0,0.0,0.33135967890653234,0.16063893007110228,2.0318321669243404e-10,5.0326470576102986e-05,3.217893010716321e-07,4.315951874999384e-06,0.3386126779913506,1.917997029519133e-06,1.3400755503749062e-08
32.15526939557751,0.06886324131095299,0.0,0.0,0.0,0.0,0.3264899855288321,0.15820460077052656,2.027280573473947e-10,4.969504459381547e-05,3.152538808447273e-07,4.271680811056491e-06,0.34348271575322176,1.8887063905532822e-06,1.3015182628433015e-08
32.88780267555227,0.06866526415696904,0.0,0.0,0.0,0.0,0.321727460729099,0.15582384705054622,2.022771500149543e-10,4.9074119408011e-05,3.088533966275897e-07,4.227830250654303e-06,0.3482455793415375,1.8600687179278347e-06,1.264407332342396e-08
33.62033595552703,0.06847163395089913,0.0,0.0,0.0,0.0,0.3170695043961239,0.1534953689372678,2.0183079457829005e-10,4.8463603813729566e-05,3.02587058543552e-07,4.18441504398118e-06,0.35290386890647446,1.8320677097819515e-06,1.2286780900876733e-08
34.35286923550179,0.068282244437619,0.0,0.0,0.0,0.0,0.3125135606098664,0.15121788856068613,2.0138927282961915e-10,4.7863395892867865e-05,2.964538424794884e-07,4.141448108173323e-06,0.3574601404135971,1.8046873796028047e-06,1.1942691688635793e-08
35.08540251547655,0.06809699127699198,0.0,0.0,0.0,0.0,0.3080571195043605,0.14899015108488534,2.0095279173802184e-10,4.7273384733447886e-05,2.9045250900618414e-07,4.098940227684692e-06,0.3619169037801748,1.7779120592008505e-06,1.1611222725024796e-08
35.81793579545131,0.06791577209596102,0.0,0.0,0.0,0.0,0.30369771879804336,0.14681092547146957,2.005215252385042e-10,4.6693452500105225e-05,2.8458163647789967e-07,4.056900682777016e-06,0.36627662134346917,1.7517264071857652e-06,1.1291820474055766e-08
36.472393644269076,0.0677571978561734,0.0,0.0,0.0,0.0,0.29988306251175784,0.1449040145054925,2.0014082278650728e-10,4.61837535579682e-05,2.7944556886173045e-07,4.019744621149057e-06,0.37009155619351436,1.7288181933079751e-06,1.1016238153275082e-08
36.99959594602063,0.06763169308230509,0.0,0.0,0.0,0.0,0.29686392348131213,0.14339477632756167,1.9983737170572268e-10,4.577887677521468e-05,2.753821737614869e-07,3.9900929743885885e-06,0.3731109165517218,1.7106907923246618e-06,1.0800696867579062e-08
37.52679824777218,0.06750814418292707,0.0,0.0,0.0,0.0,0.293891834419253,0.14190905896635442,1.995368299162472e-10,4.537904486345984e-05,2.713840753281965e-07,3.960692985378226e-06,0.3760832242279801,1.6928488626794559e-06,1.059072182924588e-08
38.05400054952373,0.06738651567618135,0.0,0.0,0.0,0.0,0.29096594176123997,0.1404464356834668,1.9923926262689912e-10,4.498420646560856e-05,2.6745057842115877e-07,3.931546532475384e-06,0.37900933281206417,1.6752871200910422e-06,1.0386140516804018e-08
38.58120285127528,0.06726677264584245,0.0,0.0,0.0,0.0,0.288085405579344,0.13900648655985634,1.9894472348830897e-10,4.459430875432235e-05,2.6358095807809847e-07,3.9026549760104025e-06,0.38189008225836163,1.6580003688339583e-06,1.018678623145026e-08
39.055684922851675,0.06716058759976266,0.0,0.0,0.0,0.0,0.2855310196281855,0.13772957720485687,1.9868222110368602e-10,4.424758119569191e-05,2.6015228824186194e-07,3.876871309397298e-06,0.38444465789393373,1.6426731855764417e-06,1.001170316053092e-08
39.53016699442807,0.06705587731602791,0.0,0.0,0.0,0.0,0.2830121101282887,0.13647040284157413,1.9842221031663985e-10,4.390477321306566e-05,2.5677419282127584e-07,3.851295666377503e-06,0.38696375496386876,1.6275609466846731e-06,9.84061043145475e-09
39.92763567027974,0.06696928005201255,0.0,0.0,0.0,0.0,0.28092892702897626,0.13542904370431483,1.982063318271665e-10,4.362059441933784e-05,2.5398290899064406e-07,3.830031655581823e-06,0.38904709357597517,1.615064401374098e-06,9.700279203454102e-09
40.32510434613141,0.06688368655732245,0.0,0.0,0.0,0.0,0.2788698903135641,0.13439975553338632,1.9799221876882486e-10,4.333911440946512e-05,2.5122637132066436e-07,3.8089140948376755e-06,0.3911062843468175,1.6027140720454183e-06,9.56260833505636e-09
40.72257302198308,0.06679908294627374,0.0,0.0,0.0,0.0,0.2768346659905801,0.13338237135309547,1.9777988252739346e-10,4.3060309425058083e-05,2.4850423603766337e-07,3.787943127978903e-06,0.39314166128001854,1.5905079012126997e-06,9.427536911685938e-09
41.12004169783475,0.06671545551679467,0.0,0.0,0.0,0.0,0.27482292445382706,0.13237672638047185,1.9756933081348106e-10,4.2784155587728874e-05,2.458161550412816e-07,3.7671188094757753e-06,0.39515355399403573,1.578443859409972e-06,9.295005602143764e-09
41.51751037368642,0.0666327907480182,0.0,0.0,0.0,0.0,0.2728343404639791,0.13138265801608787,1.9736056622345385e-10,4.2510628869997375e-05,2.431617760686628e-07,3.7464411074378275e-06,0.3971422877405769,1.5665199450907771e-06,9.164956599886483e-09
41.91497904953809,0.06655107530053819,0.0,0.0,0.0,0.0,0.27086859313017764,0.13040000583480335,1.971535951953149e-10,4.2239705145402206e-05,2.4054074482711815e-07,3.7259099583259155e-06,0.3991081834229499,1.5547341849970152e-06,9.037333621095439e-09
42.31244772538976,0.06647029601395832,0.0,0.0,0.0,0.0,0.2689253658911981,0.12942861157630567,1.9694842401464e-10,4.197136025670533e-05,2.3795270485308875e-07,3.705525240089178e-06,0.4010515576148756,1.5430846335427727e-06,8.912081858409609e-09
42.70991640124143,0.0663904399093021,0.0,0.0,0.0,0.0,0.2670043464842925,0.1284683191295376,1.967450527604953e-10,4.1705570014579904e-05,2.3539729759589355e-07,3.685286751089576e-06,0.40297272259165573,1.5315693723290231e-06,8.789147931864631e-09
43.1073850770931,0.06631149418071547,0.0,0.0,0.0,0.0,0.26510522692028704,0.12751897452026745,1.9654348183120912e-10,4.1442310153938916e-05,2.3287416325242903e-07,3.6651942534034205e-06,0.40487198635507543,1.5201865104949851e-06,8.668479838693101e-09
43.50485375294477,0.06623344620381268,0.0,0.0,0.0,0.0,0.26322770345589047,0.12658042589720309,1.9634371922913252e-10,4.118155638288538e-05,2.3038294069769387e-07,3.645247486070347e-06,0.4067496526610635,1.5089341845404491e-06,8.550026911872498e-09
43.90232242879644,0.06615628352548755,0.0,0.0,0.0,0.0,0.26137147656520615,0.12565252351767875,1.961457635532409e-10,4.092328450335129e-05,2.279232676600474e-07,3.625446085973048e-06,0.40860602104815974,1.4978105569770676e-06,8.433739789944524e-09
44.29979110464811,0.06607999386889285,0.0,0.0,0.0,0.0,0.25953625090455207,0.12473511973010391,1.9594960036553122e-10,4.066747034241939e-05,2.2549478248769862e-07,3.605789633960138e-06,0.4104413868727036,1.4868138167163193e-06,8.319570384753203e-09
44.69725978049978,0.06600456512797986,0.0,0.0,0.0,0.0,0.2577217352796406,0.1238280689576516,1.9575524095209949e-10,4.041408957084103e-05,2.2309712358239558e-07,3.5862777991286862e-06,0.4122560413416743,1.475942180841228e-06,8.207471869834571e-09
45.09472845635145,0.06592998536978352,0.0,0.0,0.0,0.0,0.2559276426108593,0.12293122768071228,1.955626983213734e-10,4.016311803836361e-05,2.2072992719946378e-07,3.566910097837121e-06,0.41405027154736507,1.4651938908785405e-06,8.097398557666274e-09
45.49219713220312,0.06585624282886542,0.0,0.0,0.0,0.0,0.254153689892508,0.12204445441650076,1.9537194275990047e-10,3.991453175984909e-05,2.1839283240180947e-07,3.5476859708887617e-06,0.4158243605081093,1.4545672134293055e-06,7.989305922274074e-09
45.88966580805479,0.06578332591028183,0.0,0.0,0.0,0.0,0.2523995981589813,0.121167609702277,1.9518297137874714e-10,3.96683066946854e-05,2.1608547872395274e-07,3.5286049225552668e-06,0.4175785872021409,1.4440604420061168e-06,7.883150626002037e-09
46.287134483906456,0.06571122318076952,0.0,0.0,0.0,0.0,0.25066509244870194,0.12030055607730705,1.9499581366325531e-10,3.94244187821181e-05,2.1380750595225216e-07,3.5096664449050215e-06,0.41931322660368175,1.4336718957837299e-06,7.778890420467765e-09
46.684603159758126,0.06563992337626035,0.0,0.0,0.0,0.0,0.2489499017617403,0.11944315806149682,1.9481044820051078e-10,3.9182844229598046e-05,2.115585546748729e-07,3.4908698657168463e-06,0.4210285497252533,1.4233999169143436e-06,7.676484033693267e-09
47.082071835609796,0.06556941539362099,0.0,0.0,0.0,0.0,0.24725375901654298,0.11859528213378336,1.9462682984085502e-10,3.8943559417457395e-05,2.0933826727471458e-07,3.4722145158544417e-06,0.4227248236609108,1.4132428724348948e-06,7.575891273544452e-09
47.479540511461465,0.06549968829145493,0.0,0.0,0.0,0.0,0.24557640100854264,0.1177567967116392,1.9444499329641483e-10,3.8706540582964824e-05,2.0714628918386003e-07,3.4536998707741765e-06,0.4244023116277199,1.4031991562621985e-06,7.477073066746198e-09
47.877009187313135,0.06543073128643637,0.0,0.0,0.0,0.0,0.2439175683741803,0.11692757213296087,1.9426497033992198e-10,3.8471764097488676e-05,2.049822659865814e-07,3.4353252326755876e-06,0.4260612730017573,1.393267184583752e-06,7.379991206648216e-09
48.23473099557964,0.06536931963329311,0.0,0.0,0.0,0.0,0.24244024688828647,0.11618908239461899,1.9410443002990888e-10,3.826236327465854e-05,2.030582536174447e-07,3.4189070825142884e-06,0.4275387093212302,1.384422660234693e-06,7.294071209398326e-09
48.59245280384614,0.0653085155155243,0.0,0.0,0.0,0.0,0.2409775401747019,0.11545789857912704,1.9394530525747225e-10,3.8054742957179365e-05,2.0115634393691344e-07,3.4026012213429907e-06,0.4290015298998933,1.3756662634887714e-06,7.209500965515693e-09
48.95017461211265,0.06524831139682634,0.0,0.0,0.0,0.0,0.2395292669515608,0.1147339300596322,1.9378762415961454e-10,3.784888620517542e-05,1.992762832604167e-07,3.3864071292981986e-06,0.43044991602859595,1.3669968888928466e-06,7.1262545680831845e-09
49.30789642037915,0.06518869984252558,0.0,0.0,0.0,0.0,0.23809524834536194,0.11401708741333848,1.9363136281963459e-10,3.764477625829891e-05,1.9741781806820505e-07,3.3703241929852613e-06,0.4318840465897798,1.3584134449320285e-06,7.044306624917995e-09
49.665618228645656,0.06512967351332698,0.0,0.0,0.0,0.0,0.23667530786963545,0.11330728241082162,1.9347646701589078e-10,3.744239651615203e-05,1.9558069736217815e-07,3.354351827211132e-06,0.43330409807875836,1.3499148553760765e-06,6.963632348243921e-09
50.02334003691216,0.06507122517273745,0.0,0.0,0.0,0.0,0.2352692713942148,0.11260442800079468,1.933229705043368e-10,3.724173033781664e-05,1.9376467347432992e-07,3.3384895527902602e-06,0.434710244634506,1.341500060299261e-06,6.8842075807537536e-09
50.381061845178664,0.06501334767687629,0.0,0.0,0.0,0.0,0.233876967122059,0.11190843829850852,1.931709509688028e-10,3.704276113919828e-05,1.919694988606525e-07,3.322736765763493e-06,0.4361026580629053,1.3331680130264415e-06,6.806008634098216e-09
50.73878365344517,0.0649560339820591,0.0,0.0,0.0,0.0,0.23249822555452165,0.11121922856815733,1.9302027452134564e-10,3.684547269603483e-05,1.9019492557268296e-07,3.3070927480292277e-06,0.4374815078713218,1.3249176795456968e-06,6.729012209167672e-09
51.09650546171167,0.06489927713621484,0.0,0.0,0.0,0.0,0.23113287946887293,0.1105367152118479,1.928709410923041e-10,3.664984875192241e-05,1.8844071160405913e-07,3.2915569794757914e-06,0.43884696129111544,1.3167480427137462e-06,6.653195739871762e-09
51.41845508915153,0.06484866641062076,0.0,0.0,0.0,0.0,0.2299153847349713,0.10992811040519374,1.9273777853389964e-10,3.647519690764056e-05,1.8687912693192944e-07,3.277666878931558e-06,0.4400645518576407,1.3094635356099422e-06,6.585951479141561e-09
51.740404716591385,0.06479849624194314,0.0,0.0,0.0,0.0,0.22870848796207044,0.10932480349247815,1.9260577501592534e-10,3.6301868446758486e-05,1.853336616094154e-07,3.263863481719113e-06,0.441271543742002,1.302242856504221e-06,6.5196291590623764e-09
52.06235434403124,0.0647487617523204,0.0,0.0,0.0,0.0,0.2275120718734754,0.10872673584489409,1.9247476062549874e-10,3.612985190766368e-05,1.838041410234551e-07,3.2501462501666557e-06,0.4424680542270684,1.2950852907754342e-06,6.454213225289004e-09
52.3843039714711,0.06469945812759897,0.0,0.0,0.0,0.0,0.22632602062262147,0.10813384954874447,1.9234482119949654e-10,3.595913566338874e-05,1.822903954210977e-07,3.236514903257569e-06,0.4436541991655285,1.2879901360030578e-06,6.389688582763706e-09
52.67405863616697,0.0646554493224999,0.0,0.0,0.0,0.0,0.22526734182010613,0.10760463463910622,1.9222892511515294e-10,3.5806593237295993e-05,1.8094137023586373e-07,3.2243196977343415e-06,0.44471296168594276,1.2816572823826956e-06,6.33236613130661e-09
52.93483783439325,0.06461613366388018,0.0,0.0,0.0,0.0,0.22432156162564196,0.10713185585738583,1.9212536845218226e-10,3.567019076848127e-05,1.7973794961628687e-07,3.2134027538750208e-06,0.44565881674358576,1.2760000387789424e-06,6.281373930209344e-09
53.19561703261953,0.06457709232428727,0.0,0.0,0.0,0.0,0.22338238041747863,0.10666237588526567,1.9202241626275834e-10,3.553462118332717e-05,1.7854457546476887e-07,3.202541259508675e-06,0.44659807236071447,1.2703825178775746e-06,6.230940367898476e-09
53.45639623084581,0.06453832285543068,0.0,0.0,0.0,0.0,0.22244973930156914,0.10619616528071281,1.9192022215832152e-10,3.5399878422603744e-05,1.7736116052282518e-07,3.1917350468276534e-06,0.4475307874345767,1.2648043628214404e-06,6.181058000309575e-09
53.71717542907209,0.06449982283323602,0.0,0.0,0.0,0.0,0.22152357996763503,0.10573319489350627,1.918188338401411e-10,3.5265956599125544e-05,1.761876147508214e-07,3.1809837237232167e-06,0.44845702027868056,1.2592652175533055e-06,6.131719324590376e-09
53.977954627298374,0.06446158985779313,0.0,0.0,0.0,0.0,0.22060384468634245,0.10527343586385794,1.917180604454844e-10,3.513284982035023e-05,1.7502384968233446e-07,3.170287046220297e-06,0.44937682862551676,1.2537647315412649e-06,6.082917020625472e-09
54.21265590570203,0.06442740654073295,0.0,0.0,0.0,0.0,0.2197815282478221,0.10486237482675047,1.9162796834966404e-10,3.5013745659466266e-05,1.7398475305414813e-07,3.1607066383532574e-06,0.45019921044546307,1.2488470619480788e-06,6.039447688165628e-09
54.447357184105684,0.06439343589128807,0.0,0.0,0.0,0.0,0.21896432771573784,0.10445387120862555,1.9153845267214934e-10,3.489529266825047e-05,1.729534457121687e-07,3.1511701096644053e-06,0.45101647600365946,1.2439601745364774e-06,5.996401874901621e-09
54.68205846250934,0.06435967620846955,0.0,0.0,0.0,0.0,0.21815220218622733,0.10404790456107248,1.9144949878404876e-10,3.477748658697084e-05,1.7192986485890288e-07,3.141677285766896e-06,0.45182866620624784,1.239103821147927e-06,5.953774493678682e-09
54.916759740912994,0.06432612580766367,0.0,0.0,0.0,0.0,0.21734511112229313,0.1036444546190823,1.913611078450389e-10,3.466032319595636e-05,1.7091394827157614e-07,3.132227985478139e-06,0.4526358215924884,1.2342777557666763e-06,5.911560538108373e-09
55.15146101931665,0.06429278301870134,0.0,0.0,0.0,0.0,0.21654301435055598,0.10324350129942408,1.9127327717690752e-10,3.454379831930178e-05,1.6990563399491323e-07,3.122822010998226e-06,0.45343798233800936,1.2294817344079781e-06,5.869755062024778e-09
55.386162297720304,0.06425964618652441,0.0,0.0,0.0,0.0,0.21574587205794546,0.10284502469900912,1.9118600297786208e-10,3.442790779072378e-05,1.6890486055008886e-07,3.1134591747041235e-06,0.45423518825811937,1.2247155154601686e-06,5.828353192994601e-09
55.62086357612396,0.0642267136717722,0.0,0.0,0.0,0.0,0.21495364483552748,0.10244900511679357,1.9109928427903784e-10,3.431264747225931e-05,1.6791156685144368e-07,3.10413928599981e-06,0.4550274787639779,1.219978859755834e-06,5.787350124462755e-09
55.855564854527614,0.06419398383949279,0.0,0.0,0.0,0.0,0.21416629354700636,0.10205542298803694,1.9101311841327238e-10,3.419801324558028e-05,1.6692569218979427e-07,3.094862151337212e-06,0.4558148929940975,1.215271529804342e-06,5.74674112090478e-09
56.09026613293127,0.06416145509363437,0.0,0.0,0.0,0.0,0.2133837794218135,0.10166425893084154,1.9092750337013142e-10,3.4084001015931535e-05,1.6594717623650547e-07,3.0856275793129147e-06,0.45659746972125,1.2105932903741405e-06,5.706521495241888e-09
56.324967411334924,0.06412912583511027,0.0,0.0,0.0,0.0,0.2126060640571861,0.10127549374719148,1.908424366186435e-10,3.397060671411172e-05,1.6497595914702908e-07,3.076435376622994e-06,0.4573752473503892,1.2059439085065064e-06,5.666686649353816e-09
56.55966868973858,0.0640969944791026,0.0,0.0,0.0,0.0,0.21183310940042127,0.10088910841407936,1.9075791608761394e-10,3.385782629575524e-05,1.6401198145076858e-07,3.0672853510303917e-06,0.458148263936396,1.2013231533849081e-06,5.627232026200799e-09
56.794369968142234,0.06406505947002053,0.0,0.0,0.0,0.0,0.21106487771818416,0.10050508406816328,1.9067393938964873e-10,3.374565573888056e-05,1.6305518411098242e-07,3.058177309105322e-06,0.4589165572147719,1.196730796174165e-06,5.588153149779773e-09
57.263772524949545,0.06400177222315603,0.0,0.0,0.0,0.0,0.20954243415777435,0.09974404379135515,1.9050760850477545e-10,3.352312824684314e-05,1.611628964777807e-07,3.0400864028077225e-06,0.46043912297675166,1.1876303712780405e-06,5.511105016556604e-09
57.733175081756855,0.06393925186276143,0.0,0.0,0.0,0.0,0.2080384383705559,0.09899222544025803,1.9034342561024267e-10,3.330299254960745e-05,1.5929863223349513e-07,3.022161109269045e-06,0.46194323965881184,1.178640845291277e-06,5.435507596130522e-09
58.202577638564165,0.06387748629135127,0.0,0.0,0.0,0.0,0.20655260065949838,0.0982494841922182,1.901813722161021e-10,3.308521735002535e-05,1.57461934121518e-07,3.0043998790907986e-06,0.4634291969748633,1.169760462332824e-06,5.36132718765935e-09
58.671980195371475,0.06381646375356276,0.0,0.0,0.0,0.0,0.20508463651146536,0.09751567781620553,1.9002142982502027e-10,3.286977173489218e-05,1.5565235154059106e-07,2.986801162509478e-06,0.4648972794547248,1.1609874983845504e-06,5.288531003805304e-09
59.141382752178785,0.06375617258655909,0.0,0.0,0.0,0.0,0.2036342664945661,0.0967906666214919,1.8986357980030617e-10,3.2656625172091796e-05,1.538694405072235e-07,2.969363409716688e-06,0.4663477665467718,1.1523202606416147e-06,5.217087143808653e-09
60.0801878657934,0.06363773896716236,0.0,0.0,0.0,0.0,0.20078521584074885,0.09536648336852889,1.895540821466391e-10,3.223710896834e-05,1.5038189010543395e-07,2.934964603484653e-06,0.46919704764579917,1.1352963442945039e-06,5.078133050472564e-09
61.01899297940801,0.06352209663290705,0.0,0.0,0.0,0.0,0.19800331159974544,0.09397586607950267,1.8925272952273142e-10,3.1826432115554374e-05,1.4699586302546457e-07,2.9011911055084774e-06,0.4719791774981557,1.1186757744129506e-06,4.944226404806975e-09
61.957798093022625,0.06340915993215862,0.0,0.0,0.0,0.0,0.1952864925921486,0.09261778435491798,1.8895937206728045e-10,3.142436409093198e-05,1.4370804422133427e-07,2.868030626765303e-06,0.4746962174079698,1.102446077473003e-06,4.815141258721307e-09
62.89660320663724,0.06329884609059039,0.0,0.0,0.0,0.0,0.19263277066870424,0.09129124430531405,1.8867386025993803e-10,3.103068039221932e-05,1.4051522202729047e-07,2.8354709654660373e-06,0.47735015564605915,1.086595227195587e-06,4.690663471284023e-09
63.83540832025185,0.06319107545288537,0.0,0.0,0.0,0.0,0.190040227955807,0.08999528717409959,1.8839604509886243e-10,3.0645162440669675e-05,1.374142862821132e-07,2.8035000236013672e-06,0.47994291020447777,1.07111162729072e-06,4.570589999044919e-09
64.77421343386646,0.06308577109050874,0.0,0.0,0.0,0.0,0.1875070142787741,0.08872898804926228,1.881257784157495e-10,3.0267597501556106e-05,1.3440222659964232e-07,2.7721058247625254e-06,0.48247633137327434,1.0559840953392695e-06,4.454728252008001e-09
65.71301854748108,0.06298285872885734,0.0,0.0,0.0,0.0,0.18503134490530332,0.0874914547351532,1.878629132594064e-10,2.989777862472105e-05,1.3147613054239273e-07,2.7412765315715016e-06,0.48495220399705763,1.0412018486492734e-06,4.342895506691241e-09
66.6518236610957,0.06288226700820522,0.0,0.0,0.0,0.0,0.18261149771310214,0.08628182633641082,1.8760730407975069e-10,2.953550451916863e-05,1.286331816506848e-07,2.7110004599842506e-06,0.48737225030742404,1.0267544866644316e-06,4.234918273418406e-09
67.59062877471032,0.06278392664784084,0.0,0.0,0.0,0.0,0.18024581090457437,0.08509927211542616,1.873588068379342e-10,2.918057941049882e-05,1.2587065662334592e-07,2.6812660828645873e-06,0.489738132208344,1.0126319768343256e-06,4.130631850149233e-09
68.52943388832495,0.06268777111898997,0.0,0.0,0.0,0.0,0.1779326808707316,0.08394299042437882,1.8711727926177778e-10,2.8832812949958088e-05,1.2318592314297044e-07,2.652062040302131e-06,0.49205145341229256,9.988246412350082e-07,4.0298797662136185e-09
69.46823900193957,0.06259373601623373,0.0,0.0,0.0,0.0,0.1756705601088613,0.08281220766414642,1.8688258086180238e-10,2.8492020128889936e-05,1.2057643763283462e-07,2.623377152039961e-06,0.49431376152262035,9.853231436460285e-07,3.932513309662286e-09
70.40704411555419,0.06250175926657814,0.0,0.0,0.0,0.0,0.17345795507020836,0.08170617720823412,1.86654573165899e-10,2.8158021175800128e-05,1.1803974354648366e-07,2.595200428427673e-06,0.4965265501859197,9.721184763283778e-07,3.838391155857759e-09
71.3458492291688,0.0624117809274627,0.0,0.0,0.0,0.0,0.17129342405152717,0.08062417834867437,1.8643312026921176e-10,2.7830641411148332e-05,1.1557346838819433e-07,2.5675210700119313e-06,0.49869126120054846,9.592019468954433e-07,3.747378898783411e-09
72.28465434278343,0.06232374315140149,0.0,0.0,0.0,0.0,0.1691755752054983,0.07956551530140196,1.8621808811990023e-10,2.75097110482369e-05,1.131753200757517e-07,2.540328456346755e-06,0.5008092865063213,9.465651660337209e-07,3.6593486585983673e-09
73.22345945639805,0.062237590075679444,0.0,0.0,0.0,0.0,0.1671030646697185,0.07852951627078708,1.8600934380626313e-10,2.7195065150061964e-05,1.108430863799396e-07,2.513612168747735e-06,0.502881970055532,9.342000361038635e-07,3.5741787511160885e-09
74.16226457001267,0.0621532677548065,0.0,0.0,0.0,0.0,0.16507459477466999,0.0775155325536456,1.8580675818066974e-10,2.6886543605405745e-05,1.0857463186071601e-07,2.487362013208673e-06,0.5049106096049865,9.220987400458865e-07,3.491753334603499e-09
75.10106968362729,0.06207072409056125,0.0,0.0,0.0,0.0,0.16308891229611966,0.07652293766569328,1.8561020700865894e-10,2.6583990821129363e-05,1.0636789453216578e-07,2.4615679737414855e-06,0.5068964584637845,9.102537304273064e-07,3.411962119349424e-09
76.03987479724191,0.06198990876214924,0.0,0.0,0.0,0.0,0.16114480675711002,0.07555112649271144,1.8541956366878995e-10,2.6287255516297256e-05,1.0422088534962142e-07,2.4362201936226945e-06,0.508840727191441,8.986577190986298e-07,3.3347000141492516e-09
76.97867991085653,0.061910773160543324,0.0,0.0,0.0,0.0,0.15924110881292713,0.07459951448287708,1.8523469818781387e-10,2.5996190911481173e-05,1.0213168284741537e-07,2.411309071419099e-06,0.5107445852127824,8.87303667798899e-07,3.259866831060086e-09
77.91748502447115,0.061833270324985284,0.0,0.0,0.0,0.0,0.15737668869821522,0.07366753687036012,1.850554977618591e-10,2.571065468360337e-05,1.0009843303178347e-07,2.3868252769866807e-06,0.5126091623708449,8.761847782707927e-07,3.1873671429439933e-09
78.85629013808577,0.0617573548715506,0.0,0.0,0.0,0.0,0.15555045471529466,0.07275464792002306,1.8488186514102767e-10,2.5430508325068502e-05,9.811935138086456e-08,2.362759549841414e-06,0.5144355504389767,8.652944817036945e-07,3.117109979853968e-09
79.79509525170039,0.061682982939040815,0.0,0.0,0.0,0.0,0.15376135179857056,0.07186032020978778,1.847136614576093e-10,2.5155616946881903e-05,9.619271044416853e-08,2.339102696029104e-06,0.5162248045565417,8.546264312629408e-07,3.049008431848562e-09
80.64001985395355,0.06161733285008192,0.0,0.0,0.0,0.0,0.15218206267859635,0.0710708734410065,1.8456679165597783e-10,2.4912599932546805e-05,9.450218744537769e-08,2.3181540296674494e-06,0.5178042273499528,8.45210136046604e-07,2.9894914310650932e-09
81.26736527129444,0.06156935733693196,0.0,0.0,0.0,0.0,0.15102795597515262,0.07049396479807073,1.8446050511938856e-10,2.473479354725329e-05,9.327290800945539e-08,2.302805978968697e-06,0.5189584318599471,8.383293340686715e-07,2.9463527307983677e-09
81.89471068863533,0.06152202368776609,0.0,0.0,0.0,0.0,0.14988928998672377,0.06992477471568916,1.8435654646568374e-10,2.455918742411295e-05,9.206518819092192e-08,2.287630545409262e-06,0.520097194446926,8.315409198036661e-07,2.904084876328233e-09
82.52205610597622,0.061475320238453826,0.0,0.0,0.0,0.0,0.14876578412578134,0.06936316293004076,1.842548001589633e-10,2.438574501375811e-05,9.087856682846657e-08,2.2726253061749425e-06,0.5212207957183654,8.248432094219112e-07,2.8626656675606083e-09
83.08666698158302,0.061433816523381875,0.0,0.0,0.0,0.0,0.14776736386768016,0.06886407834456092,1.8416515896218913e-10,2.4231467516813564e-05,8.982828200820208e-08,2.2592641399341894e-06,0.5222193008461279,8.188914576112167e-07,2.8260962937474134e-09
83.59481676962915,0.06139688499192555,0.0,0.0,0.0,0.0,0.1468789327750568,0.0684199746010535,1.840860151684927e-10,2.409407074109414e-05,8.889707001567046e-08,2.247353803173453e-06,0.523107807523559,8.135955815871292e-07,2.7937442543485853e-09
84.10296655767527,0.061360347030672426,0.0,0.0,0.0,0.0,0.14599996943357432,0.06798060362479467,1.8400830135093237e-10,2.395803137140237e-05,8.797892659834633e-08,2.235550828506212e-06,0.523986845704396,8.083563385816352e-07,2.7619118685405712e-09
84.6111163457214,0.061324196922978906,0.0,0.0,0.0,0.0,0.14513033627817765,0.06754589664802035,1.8393200415713707e-10,2.3823331398616965e-05,8.707362936935644e-08,2.2238539612128185e-06,0.5248565529635478,8.031729021307772e-07,2.7305886035522466e-09
85.11926613376752,0.06128842904890479,0.0,0.0,0.0,0.0,0.144269898193346,0.06711578612744325,1.838571077789431e-10,2.3689953171166853e-05,8.618096061048238e-08,2.212261966394938e-06,0.5257170644261971,7.980444605516032e-07,2.6997641988729063e-09
85.62741592181365,0.06125303789222086,0.0,0.0,0.0,0.0,0.14341852245735118,0.06669020571648288,1.8378359531230925e-10,2.3557879260743066e-05,8.53007065588293e-08,2.2007736302071775e-06,0.526568512823606,7.929702167917227e-07,2.6694286365959616e-09
86.13556570985978,0.06121801803323312,0.0,0.0,0.0,0.0,0.14257607869300787,0.06626909024063007,1.83711452198613e-10,2.342709248370638e-05,8.443265717664271e-08,2.1893877414921787e-06,0.5274110285423678,7.879493878220283e-07,2.639572120652583e-09
86.6437154979059,0.06118336414820798,0.0,0.0,0.0,0.0,0.14174243882227539,0.06585237567471203,1.8364066321151644e-10,2.329757594490397e-05,8.357660643236037e-08,2.1781031033221227e-06,0.5282447396697748,7.829812044721671e-07,2.610185089582537e-09
87.15186528595203,0.06114907100671467,0.0,0.0,0.0,0.0,0.14091747702064608,0.06543999912009527,1.8357121250617187e-10,2.3169313022445734e-05,8.273235247579945e-08,2.1669185440481245e-06,0.5290697720394335,7.780649112825349e-07,2.5812582198592517e-09
87.66001507399815,0.061115133468152845,0.0,0.0,0.0,0.0,0.1401010696755852,0.06503189878392443,1.835030857995668e-10,2.3042287347965728e-05,8.189969728787794e-08,2.1558329035870283e-06,0.5298862492728411,7.731997660976262e-07,2.552782408840636e-09
88.16816486204428,0.06108154648797014,0.0,0.0,0.0,0.0,0.13929309533365103,0.06462801395268813,1.834362687089816e-10,2.291648280033339e-05,8.10784464292803e-08,2.144845030937866e-06,0.5306942928322698,7.683850397523353e-07,2.5247487609609323e-09
88.6763146500904,0.06104830510166149,0.0,0.0,0.0,0.0,0.138493434658883,0.0642282849714072,1.8337074521866707e-10,2.2791883509261227e-05,8.026840918077557e-08,2.1339537961558747e-06,0.531494022062371,7.636200159531806e-07,2.497148591061624e-09
89.18446443813653,0.06101540443756332,0.0,0.0,0.0,0.0,0.13770197039254,0.06383265322350462,1.8330650172728286e-10,2.2668473856695917e-05,7.946939859544645e-08,2.12315808573422e-06,0.532285554230438,7.589039909108623e-07,2.4699734235962627e-09
89.69261422618266,0.06098283970422919,0.0,0.0,0.0,0.0,0.13691858731339213,0.0634410611109604,1.8324352646308816e-10,2.2546238469522484e-05,7.868123116523742e-08,2.1124567889155067e-06,0.5330690045661267,7.542362729902182e-07,2.4432149767824677e-09
90.20076401422878,0.0609506061953626,0.0,0.0,0.0,0.0,0.13614317219644573,0.06305345203368422,1.8318180225872134e-10,2.2425162200509114e-05,7.790372674399207e-08,2.1018488154816256e-06,0.5338444863027295,7.496161827713807e-07,2.416865157873638e-09
90.7089138022749,0.06091869928529546,0.0,0.0,0.0,0.0,0.13537561377223323,0.0626697703691563,1.8312131295839696e-10,2.230523013084727e-05,7.713670875378192e-08,2.0913331047684673e-06,0.5346121107178805,7.450430527527836e-07,2.3909160673471577e-09
91.21706359032103,0.060887114428472035,0.0,0.0,0.0,0.0,0.13461580268704257,0.06228996145253177,1.8306205291977002e-10,2.218642759835627e-05,7.63800039461752e-08,2.080908586422215e-06,0.535371987173331,7.405162265686487e-07,2.36535998709195e-09
91.72521337836716,0.06085584715705172,0.0,0.0,0.0,0.0,0.13386363146475763,0.0619139715575796,1.8300400783388458e-10,2.206874016783986e-05,7.563344218338311e-08,2.070574192825331e-06,0.5361242231531187,7.360350592478409e-07,2.34018937214001e-09
92.23336316641328,0.060824893079867104,0.0,0.0,0.0,0.0,0.13311899447033154,0.061541747878446955,1.8294714856841423e-10,2.1952153572085135e-05,7.489685669286229e-08,2.0603289238751553e-06,0.5368689243000913,7.315989176736329e-07,2.3153968574852933e-09
92.74151295445941,0.060794247880760405,0.0,0.0,0.0,0.0,0.132381787873854,0.06117323851165671,1.8289147435985814e-10,2.1836653786470236e-05,7.41700838362435e-08,2.0501717748517113e-06,0.5376061944518367,7.272071789376365e-07,2.2909752447548957e-09
93.24966274250554,0.06076390731684756,0.0,0.0,0.0,0.0,0.1316519096107841,0.060808392436192675,1.8283698780470675e-10,2.1722227097638952e-05,7.345296275070979e-08,2.0401016571933197e-06,0.5383361356804581,7.228592298880024e-07,2.2669174858491726e-09
93.75781253055166,0.06073386721759425,0.0,0.0,0.0,0.0,0.1309292593542937,0.060447159499794165,1.8278365162543008e-10,2.1608859853280297e-05,7.274533602031844e-08,2.0301176454526318e-06,0.53905884832023,7.185544698166774e-07,2.2432167136383044e-09
94.21514733979318,0.06070708463565196,0.0,0.0,0.0,0.0,0.13028497252232607,0.060125098326615216,1.8273662699417195e-10,2.1507724098388975e-05,7.21164617472843e-08,2.021204840703193e-06,0.5397031908053751,7.147166231772409e-07,2.22218568511102e-09
94.67248214903469,0.06068053916891768,0.0,0.0,0.0,0.0,0.1296463897240547,0.05980588848698852,1.8269052954855145e-10,2.1407426073344226e-05,7.149504172385237e-08,2.0123602481540467e-06,0.5403418287963986,7.109128556733117e-07,2.201433568804982e-09
95.12981695827621,0.06065422791796454,0.0,0.0,0.0,0.0,0.1290134412895709,0.059489495153725196,1.82645339656372e-10,2.1307956282729284e-05,7.088096710817589e-08,2.003583188648415e-06,0.5409748319684046,7.071427498942906e-07,2.180955669541344e-09
95.58715176751772,0.060628148033230744,0.0,0.0,0.0,0.0,0.1283860586041138,0.05917588402711001,1.826010390331873e-10,2.120930534887751e-05,7.027413097832998e-08,1.994873001533695e-06,0.5416022689412806,7.034058948034078e-07,2.1607473914431892e-09
96.04448657675924,0.06060229670439869,0.0,0.0,0.0,0.0,0.12776417408959773,0.058865021325628625,1.8255763976874175e-10,2.111146408944788e-05,6.967442793446371e-08,1.9862289632562858e-06,0.5422242072981701,6.997018845703095e-07,2.140804215808297e-09
96.50182138600076,0.06057667116497266,0.0,0.0,0.0,0.0,0.1271477211860706,0.058556873776732285,1.82515143152691e-10,2.1014423441576845e-05,6.908175431194871e-08,1.9776503665776742e-06,0.5428407136040143,6.960303198308498e-07,2.1211217142746893e-09
96.95915619524227,0.06055126869429561,0.0,0.0,0.0,0.0,0.12653663447108554,0.05825140867656407,1.8247349731666018e-10,2.091817436520201e-05,6.849600878957179e-08,1.969136640443386e-06,0.5434518532861671,6.923908097634439e-07,2.1016955758611175e-09
97.37075752355963,0.060528594974791995,0.0,0.0,0.0,0.0,0.12599119104516826,0.057978756849230574,1.824367622831986e-10,2.083221971066747e-05,6.797467840086547e-08,1.9615291577722048e-06,0.5439973440145018,6.891423361263563e-07,2.084427722434715e-09
97.78235885187699,0.060506097799908086,0.0,0.0,0.0,0.0,0.12544999543341293,0.05770822841714709,1.824007335331093e-10,2.0746892736281957e-05,6.745880667749162e-08,1.9539731546970726e-06,0.5445385865836356,6.859192336982486e-07,2.0673610365673393e-09
98.19396018019435,0.060483775340335354,0.0,0.0,0.0,0.0,0.12491300182463336,0.0574398004798823,1.8236538945928113e-10,2.066218712174305e-05,6.694832289710219e-08,1.9464681888887135e-06,0.5450756268082068,6.827212283652339e-07,2.0504925339505128e-09
98.60556150851171,0.060461625670006826,0.0,0.0,0.0,0.0,0.12438016503768844,0.05717345045195188,1.8233072079907744e-10,2.0578096648014196e-05,6.644315743995272e-08,1.9390138004756243e-06,0.5456085098727655,6.795480493969343e-07,2.033819289647983e-09
99.01716283682907,0.06043964694552725,0.0,0.0,0.0,0.0,0.12385144050346289,0.056909156053806545,1.8229673709433949e-10,2.049461520355922e-05,6.594324162320258e-08,1.9316095039672258e-06,0.5461372803497944,6.76399429284052e-07,2.0173384211359746e-09
99.42876416514643,0.060417837357672026,0.0,0.0,0.0,0.0,0.12332678415766417,0.05664689525827054,1.822634347537631e-10,2.041173671246536e-05,6.544850770439616e-08,1.9242548421267935e-06,0.54666198230692,6.73275104011006e-07,2.001047095210002e-09
99.84036549346379,0.06039619504721409,0.0,0.0,0.0,0.0,0.1228061526459667,0.056386646393090656,1.822307918178989e-10,2.0329455161967386e-05,6.495888925055572e-08,1.9169493907855397e-06,0.5471826591017533,6.701748142135619e-07,1.984942545414443e-09
99.99999999999999,0.060374718290813645,0.0,0.0,0.0,0.0,0.12260530613682807,0.056286248951298766,1.8221830650317545e-10,2.0297702659363114e-05,6.477035940247806e-08,1.9141292111864e-06,0.547383523085769,6.689788185870167e-07,1.97874627490385e-09
100.25196682178115,0.060374718290813645,0.0,0.0,0.0,0.0,0.12228950318339131,0.05612838807061304,1.8219879782352928e-10,2.0247764639333012e-05,6.447432069026836e-08,1.909692707504723e-06,0.5476993535225161,6.670983034771893e-07,1.9690220425032887e-09
100.66356815009851,0.06035340529100615,0.0,0.0,0.0,0.0,0.12177679357429906,0.055872099197772765,1.8216747495732177e-10,2.0166659348919304e-05,6.399473724865226e-08,1.9024843097755206e-06,0.5482121077680514,6.640453183327931e-07,1.9532828975452954e-09
101.07516947841587,0.06033225434400628,0.0,0.0,0.0,0.0,0.12126798215269183,0.0556177589463036,1.8213681187388065e-10,2.0086133494387552e-05,6.352007540564525e-08,1.8953237839077469e-06,0.5487209635075263,6.610156097014891e-07,1.937722485006875e-09
101.48677080673323,0.060311263732379605,0.0,0.0,0.0,0.0,0.12076302778154999,0.055365346752380744,1.8210677178392704e-10,2.0006181329588766e-05,6.305027257950305e-08,1.8882107419678318e-06,0.5492259618810891,6.580089317547679e-07,1.9223382233226076e-09
101.8983721350506,0.06029043177260588,0.0,0.0,0.0,0.0,0.12026188993611855,0.055114842358192036,1.8207737873024392e-10,1.9926797301415562e-05,6.258526672607577e-08,1.8811446879584232e-06,0.5497271434165824,6.550250402868017e-07,1.90712755734507e-09
102.30997346336795,0.06026975679589259,0.0,0.0,0.0,0.0,0.11976452853174573,0.054866225725983576,1.8204862433342204e-10,1.984797580491888e-05,6.212499714675104e-08,1.8741252320433988e-06,0.5502245482017152,6.5206369606571e-07,1.892087996502081e-09
102.72157479168531,0.06024923713698214,0.0,0.0,0.0,0.0,0.1192709040326797,0.05461947709238902,1.8202049317241745e-10,1.9769711317300607e-05,6.166940391167137e-08,1.8671519750108304e-06,0.5507182157752609,6.491246626224856e-07,1.877217090269284e-09
103.13317612000267,0.060228871222293666,0.0,0.0,0.0,0.0,0.11878097739855516,0.054374576941661715,1.819929793741475e-10,1.9691998421929908e-05,6.12184277728886e-08,1.8602244836374247e-06,0.5512081851805687,6.462077055640185e-07,1.8625124159508318e-09
103.54477744832003,0.06020865742135017,0.0,0.0,0.0,0.0,0.11829471011201949,0.0541315060195078,1.8196608778135658e-10,1.9614831765902084e-05,6.07720104660855e-08,1.8533423318826482e-06,0.551694494937939,6.433125939333925e-07,1.8479716017117184e-09
103.9563787766374,0.06018859415926691,0.0,0.0,0.0,0.0,0.11781206416422398,0.05389024532585143,1.8193981483024108e-10,1.9538206021898074e-05,6.033009470118354e-08,1.8465051352093085e-06,0.5521771830591338,6.404391006681333e-07,1.8335923195895382e-09
104.36798010495475,0.060168679891807866,0.0,0.0,0.0,0.0,0.11733300196594505,0.053650776070388324,1.8191414086758576e-10,1.946211591198246e-05,5.989262388975554e-08,1.8397125143032264e-06,0.5526562871362617,6.375870009885872e-07,1.8193722774837903e-09
104.77958143327211,0.06014891303353135,0.0,0.0,0.0,0.0,0.11685748651757964,0.053413079757538465,1.8188905833305423e-10,1.9386556281594397e-05,5.94595423539654e-08,1.8329640512123183e-06,0.5531318441717679,6.347560727376498e-07,1.8053092269363765e-09
105.19118276158947,0.06012929211185823,0.0,0.0,0.0,0.0,0.11638548129237018,0.05317713812808032,1.8186458975606077e-10,1.9311522063185646e-05,5.903079507321787e-08,1.8262593114174239e-06,0.553603890695216,6.319460965546943e-07,1.7914009435494027e-09
105.60278408990683,0.06010981559344007,0.0,0.0,0.0,0.0,0.1159169502512779,0.052942933166660495,1.8184072305087804e-10,1.9237008132763308e-05,5.860632810174673e-08,1.819597972528007e-06,0.5540724627484219,6.291568581565998e-07,1.777645261031547e-09
106.0143854182242,0.06009048201977272,0.0,0.0,0.0,0.0,0.11545185779912881,0.05271044707977901,1.8181742135974036e-10,1.916300948820408e-05,5.8186088248679745e-08,1.8129796570614756e-06,0.5545375959293025,6.263881440841227e-07,1.7640400448584052e-09
106.38482661370982,0.060073202809586626,0.0,0.0,0.0,0.0,0.1150361855197794,0.05250266470963666,1.8179694701042714e-10,1.9096847264395783e-05,5.781144295679634e-08,1.8070595831131698e-06,0.5549533046244561,6.239136744985585e-07,1.751922249337596e-09
106.75526780919544,0.06005603714439211,0.0,0.0,0.0,0.0,0.1146232446953921,0.0522962477329896,1.8177696222266672e-10,1.903109489844709e-05,5.744014119297201e-08,1.8011737451990123e-06,0.5553662816392573,6.214555073092236e-07,1.7399231122958825e-09
107.12570900468107,0.06003898398381257,0.0,0.0,0.0,0.0,0.1142130103021571,0.05209118364085061,1.8175744676355369e-10,1.8965748792826594e-05,5.7072145856640855e-08,1.7953219363844212e-06,0.5557765519994544,6.190134939716831e-07,1.7280411573649977e-09
107.4961502001667,0.06002204230015526,0.0,0.0,0.0,0.0,0.11380545760507975,0.05188746006851263,1.8173834980497087e-10,1.8900805578675946e-05,5.670741991462771e-08,1.7895037836174127e-06,0.5561841404419507,6.16587483406999e-07,1.716274906915364e-09
107.82954727610375,0.06000688925696203,0.0,0.0,0.0,0.0,0.11344093281351167,0.05170524489296716,1.8172156852793696e-10,1.8842698288452503e-05,5.63819319620713e-08,1.7842960300751903e-06,0.5565486972165371,6.144176366045953e-07,1.7057830201363968e-09
108.12960464444711,0.05999332741127028,0.0,0.0,0.0,0.0,0.11311468619738828,0.051542163859438196,1.8170679405651862e-10,1.8790676233373905e-05,5.609121047339e-08,1.779632085362979e-06,0.5568749724663894,6.12475670620444e-07,1.6964186094964718e-09
108.42966201279047,0.05997983691564453,0.0,0.0,0.0,0.0,0.11279015598565524,0.05137994081769916,1.816923085257159e-10,1.8738912416304155e-05,5.580257017840643e-08,1.7749897692018064e-06,0.5571995311698366,6.105439470303901e-07,1.6871275822823856e-09
108.72971938113383,0.05996641724568225,0.0,0.0,0.0,0.0,0.11246732956828312,0.05121856946419365,1.8167811745995792e-10,1.8687405047673623e-05,5.5515992487826434e-08,1.7703689561004906e-06,0.5575223859378843,6.086223907026346e-07,1.6779092038900499e-09
109.0297767494772,0.0599530678822203,0.0,0.0,0.0,0.0,0.11214619445170217,0.05105804355358073,1.8166422014269057e-10,1.863615235853778e-05,5.523145900722292e-08,1.7657695142004885e-06,0.5578435492650713,6.067109269596399e-07,1.6687627499339066e-09
109.32983411782055,0.05993978831059989,0.0,0.0,0.0,0.0,0.11182673825745784,0.050898356898062706,1.8165061314016498e-10,1.8585152601173847e-05,5.494895146001696e-08,1.7611913031393747e-06,0.5581630335308141,6.048094816152645e-07,1.6596875004325798e-09
109.92994885450726,0.05991343650813918,0.0,0.0,0.0,0.0,0.11119281368751344,0.05058147688374762,1.8162426645743223e-10,1.8483904940787435e-05,5.438994208699276e-08,1.752098040711637e-06,0.5587970138302426,6.010363533451893e-07,1.641747782917802e-09
110.43247871002055,0.059891580052694925,0.0,0.0,0.0,0.0,0.11066703012483606,0.05031865337339565,1.8160308482751593e-10,1.839988419491962e-05,5.3927908603031186e-08,1.7445475827073202e-06,0.5593228436405661,5.979069568095283e-07,1.626938118440504e-09
110.93500856553383,0.05986991278485091,0.0,0.0,0.0,0.0,0.11014579766285156,0.050058104853695794,1.81582696632253e-10,1.831655047214259e-05,5.3471325320353006e-08,1.7370549337904075e-06,0.5598441219723298,5.948047147977717e-07,1.612319069316243e-09
111.43753842104712,0.059848432415355125,0.0,0.0,0.0,0.0,0.10962906128262632,0.04979980382156755,1.815630957926102e-10,1.8233895954135528e-05,5.3020111744590526e-08,1.7296194874933247e-06,0.5603609038487606,5.917292981732323e-07,1.5978874961174965e-09
111.94006827656041,0.05982713669360775,0.0,0.0,0.0,0.0,0.10911676680033307,0.04954372319139392,1.8154427434147068e-10,1.815191293325416e-05,5.2574188753099116e-08,1.7222406415543438e-06,0.5608732434579197,5.886803827283079e-07,1.583640320606227e-09
112.4425981320737,0.05980602340039649,0.0,0.0,0.0,0.0,0.10860886085333663,0.04928983628806377,1.815262225285493e-10,1.8070593813187205e-05,5.213347858763569e-08,1.7149177977858288e-06,0.5613811941666174,5.856576490972906e-07,1.5695745252709403e-09
113.44765784310029,0.05976433539319216,0.0,0.0,0.0,0.0,0.10760600510142994,0.0487885389544327,1.814924030585128e-10,1.790991739972266e-05,5.126739241496835e-08,1.7004377849745348e-06,0.5623841383628402,5.796894743577889e-07,1.5419753027133063e-09
114.35221158302421,0.05972741851691926,0.0,0.0,0.0,0.0,0.10671792465507678,0.04834461443030322,1.814645278759103e-10,1.7767505084226113e-05,5.0504989852822035e-08,1.6875914983966683e-06,0.5632722972009108,5.744045538774538e-07,1.5177272531917869e-09
115.25676532294814,0.05969105972001668,0.0,0.0,0.0,0.0,0.1058432691502725,0.0479074007173703,1.8143903529796888e-10,1.762713039539295e-05,4.975832754675989e-08,1.674917758661091e-06,0.5641470299766045,5.691997133280356e-07,1.494022593383728e-09
116.16131906287207,0.059655247195194334,0.0,0.0,0.0,0.0,0.10498175520469608,0.047476756157645725,1.814158865360672e-10,1.748875271188725e-05,4.9026998205249065e-08,1.6624133657546793e-06,0.56500862009456,5.640732578499371e-07,1.4708457526942853e-09
117.065872802796,0.05961996949433446,0.0,0.0,0.0,0.0,0.10413310695187877,0.04705254285024266,1.813950402472166e-10,1.7352332421258447e-05,4.8310606938828954e-08,1.650075186358515e-06,0.5658573434430142,5.590235375399054e-07,1.4481816980060253e-09
117.97042654271992,0.05958521544482409,0.0,0.0,0.0,0.0,0.10329705580935263,0.04663462653547331,1.8137645488764e-10,1.721783088997639e-05,4.760877084984839e-08,1.6379001559393867e-06,0.5666934686256666,5.54048946156487e-07,1.4260159124730632e-09
118.87498028264385,0.05955097417953426,0.0,0.0,0.0,0.0,0.10247334025020491,0.04622287648065354,1.8136009421579167e-10,1.7085210426870888e-05,4.69211185807909e-08,1.6258852849613872e-06,0.5675172571901418,5.491479199570339e-07,1.404334372881256e-09
119.77953402256777,0.05951723510192887,0.0,0.0,0.0,0.0,0.1016617056141712,0.04581716538566461,1.813459213027325e-10,1.6954434268169413e-05,4.6247289958136896e-08,1.6140276486209474e-06,0.5683289638169087,5.443189363154578e-07,1.3831235317819266e-09
120.6840877624917,0.05948398792180931,0.0,0.0,0.0,0.0,0.10086190383724905,0.04541736924778583,1.8133389629441486e-10,1.6825466547468982e-05,4.558693561334648e-08,1.6023243818823677e-06,0.5691288365896849,5.395605120321961e-07,1.3623702992797023e-09
121.58864150241563,0.05945122257110691,0.0,0.0,0.0,0.0,0.10007369327130027,0.045023367271518865,1.813239846381074e-10,1.6698272262409434e-05,4.493971659815137e-08,1.5907726899114644e-06,0.5699171171758463,5.348712025658803e-07,1.3420620236472018e-09
122.49319524233955,0.05941892928503659,0.0,0.0,0.0,0.0,0.09929683848245255,0.044635041767813084,1.8131615663907698e-10,1.6572817245544136e-05,4.430530395476604e-08,1.5793698440666265e-06,0.5706940410280418,5.302496007497603e-07,1.3221864718656781e-09
123.39774898226348,0.05938709850941193,0.0,0.0,0.0,0.0,0.09853111008885809,0.04425227807294695,1.813103706731304e-10,1.6449068171364574e-05,4.36833785466548e-08,1.5681131586719709e-06,0.5714598375464442,5.256943352192326e-07,1.3027318199180299e-09
124.3023027221874,0.05935572096506403,0.0,0.0,0.0,0.0,0.0977762845637548,0.04387496445007923,1.813065838449266e-10,1.632699252432772e-05,4.307363070555412e-08,1.55700000820438e-06,0.5722147302756961,5.212040697493887e-07,1.2836866341152505e-09
125.20685646211133,0.059324787585190004,0.0,0.0,0.0,0.0,0.09703214406081047,0.04350299200197278,1.8130478507669913e-10,1.6206558517887704e-05,4.24757597055624e-08,1.5460278645139338e-06,0.5729589370795872,5.167775032413397e-07,1.2650398513798295e-09
126.11141020203526,0.05929428955164184,0.0,0.0,0.0,0.0,0.09629847622957677,0.043136254578722874,1.813049539147854e-10,1.6087735118083604e-05,4.18894736665549e-08,1.5351942320213768e-06,0.5736926703256231,5.124133668727071e-07,1.2467807736469355e-09
127.01596394195919,0.05926421825243203,0.0,0.0,0.0,0.0,0.09557507405608227,0.042774648697996874,1.8130700018278535e-10,1.597049214257753e-05,4.131448940621013e-08,1.5244965885733546e-06,0.5744161370444103,5.081104216221796e-07,1.2288990497974763e-09
127.92051768188311,0.059234565302515946,0.0,0.0,0.0,0.0,0.09486173570195722,0.042418073464729054,1.813109277802995e-10,1.585480000509837e-05,4.075053156878888e-08,1.5139326037441487e-06,0.5751295390905524,5.038674633253301e-07,1.2113846531356695e-09
128.73461604781465,0.05920822856712622,0.0,0.0,0.0,0.0,0.09422817297989407,0.04210137559342295,1.8131608515121915e-10,1.5751979112884203e-05,4.0252176326578104e-08,1.504537389593017e-06,0.5757631584190214,5.000991179275239e-07,1.1959277514017795e-09
129.54871441374618,0.05918221823838133,0.0,0.0,0.0,0.0,0.0936024623682235,0.041788602790775994,1.8132268983990443e-10,1.5650370456078016e-05,3.97623465773106e-08,1.4952468106810605e-06,0.5763889249701362,4.963775704895702e-07,1.1807536709378103e-09
130.3628127796777,0.05915652862351044,0.0,0.0,0.0,0.0,0.09298446688612834,0.04147968658281274,1.81330744405881e-10,1.554995387200944e-05,3.928085775346668e-08,1.4860592728845096e-06,0.5770069757357772,4.92702004036228e-07,1.1658557550368304e-09
131.0955013090161,0.05913367757533282,0.0,0.0,0.0,0.0,0.09243475662336127,0.0412049040150932,1.8133925259609902e-10,1.5460581814306756e-05,3.885450072774139e-08,1.4778772948218319e-06,0.5775567352019149,4.894326471728861e-07,1.1526784067517777e-09
131.8281898383545,0.05911107781902946,0.0,0.0,0.0,0.0,0.09189109148015577,0.04093314324590177,1.81348898849591e-10,1.5372145266620626e-05,3.8434626316552736e-08,1.4697763070325538e-06,0.5781004490337577,4.861993149152163e-07,1.1397149206396867e-09
132.56087836769288,0.0590887254589393,0.0,0.0,0.0,0.0,0.09135337773847335,0.04066435742748823,1.8135966036519806e-10,1.5284630411656035e-05,3.802110955836343e-08,1.4617551825769795e-06,0.5786382109569411,4.830014477133886e-07,1.126960823970148e-09
133.29356689703127,0.05906661667779562,0.0,0.0,0.0,0.0,0.0908215235192175,0.04039850063139697,1.8137156079491368e-10,1.5198023627941398e-05,3.7613828449283964e-08,1.4538128576987017e-06,0.5791701128580263,4.79838498102833e-07,1.1144117617491547e-09
134.02625542636966,0.05904474772503443,0.0,0.0,0.0,0.0,0.09029543876152565,0.04013552783805935,1.813845819221606e-10,1.5112311609144568e-05,3.721266379810117e-08,1.4459482043055764e-06,0.5796962448052125,4.7670992697322395e-07,1.1020634857736593e-09
134.75894395570805,0.05902311493626252,0.0,0.0,0.0,0.0,0.08977503516249198,0.03987539490665933,1.8139867102777272e-10,1.5027481322452859e-05,3.681749886286836e-08,1.4381601258019786e-06,0.5802166951085868,4.7361520660406044e-07,1.0899118462794326e-09
135.49163248504644,0.05900171471059635,0.0,0.0,0.0,0.0,0.08926022613061517,0.03961805855192499,1.8141383918823293e-10,1.4943519897133346e-05,3.6428219842962716e-08,1.43044761759617e-06,0.5807315503667018,4.705538214116065e-07,1.0779528103800387e-09
136.22432101438483,0.05898054351798103,0.0,0.0,0.0,0.0,0.08875092675306033,0.039363476327719436,1.814300997349962e-10,1.4860414728464602e-05,3.60447155300758e-08,1.4228096327331432e-06,0.5812408954993297,4.67525263651196e-07,1.0661824425542047e-09
136.88374069078938,0.05896168240467574,0.0,0.0,0.0,0.0,0.08829719920878015,0.03913667268639623,1.8144562125146976e-10,1.4786341982472731e-05,3.570440886218343e-08,1.415998288077544e-06,0.5816946638259538,4.648272172468976e-07,1.0557472391633675e-09
137.54316036719393,0.058943001526159354,0.0,0.0,0.0,0.0,0.08784780741579562,0.03891203637182729,1.8146196454135973e-10,1.4712943946336295e-05,3.5368613797140605e-08,1.40924574458326e-06,0.5821440960300152,4.621550026445926e-07,1.0454590069639677e-09
138.2025800435985,0.058924498447504844,0.0,0.0,0.0,0.0,0.08740269280716714,0.03868953810766384,1.8147916791398522e-10,1.4640211876334247e-05,3.503725440733961e-08,1.4025513043766017e-06,0.5825892506832496,4.595082703506223e-07,1.0353150766771118e-09
138.86199972000304,0.05890617077595655,0.0,0.0,0.0,0.0,0.08696179782466508,0.03846914912176995,1.8149721249205497e-10,1.4568137228733829e-05,3.4710256041510563e-08,1.3959142175176407e-06,0.5830301853486081,4.568866754623724e-07,1.0253128282574576e-09
139.5214193964076,0.05888801615991278,0.0,0.0,0.0,0.0,0.08652506589746609,0.03825084113559018,1.8151603212487058e-10,1.4496711596931108e-05,3.438754563030966e-08,1.38933377914056e-06,0.5834669566015432,4.54289880645653e-07,1.0154497034247841e-09
140.18083907281215,0.05887003228912613,0.0,0.0,0.0,0.0,0.0860924414151559,0.03803458635068683,1.815356174456759e-10,1.4425926658054353e-05,3.4069051752747564e-08,1.3828093498679778e-06,0.5838996200570217,4.5171755545510926e-07,1.0057232072576257e-09
140.8402587492167,0.05885221688777183,0.0,0.0,0.0,0.0,0.08566386972422826,0.03782035744699455,1.8155610803775283e-10,1.435577420581909e-05,3.375470433297102e-08,1.3763402539045605e-06,0.5843282303730604,4.491693720758262e-07,9.961308945926472e-10
141.49967842562125,0.058834567737551885,0.0,0.0,0.0,0.0,0.08523929720123907,0.03760812761930171,1.8157738831573249e-10,1.4286246277882958e-05,3.3444434345436524e-08,1.3699257623124589e-06,0.5847528411775188,4.466450097505201e-07,9.866703605798344e-10
142.1590981020258,0.05881708262384025,0.0,0.0,0.0,0.0,0.08481867098793146,0.03739787044489675,1.8159936906528088e-10,1.4217334992281633e-05,3.3138174639963075e-08,1.3635652483123028e-06,0.5851735053329749,4.441441545110539e-07,9.773392727377152e-10
142.7525758107899,0.05880148449468251,0.0,0.0,0.0,0.0,0.08444343846098097,0.03721030409688172,1.8161982320133372e-10,1.4155835593670144e-05,3.2865915120263664e-08,1.3578864327796115e-06,0.5855487717212818,4.4191322660069996e-07,9.690500777394734e-10
143.34605351955398,0.05878601590390963,0.0,0.0,0.0,0.0,0.08407132320112759,0.03702429598585957,1.8164095682889281e-10,1.4094823762590492e-05,3.2596803252536544e-08,1.3522503712608517e-06,0.5859209205741829,4.397008658689174e-07,9.608622448088461e-10
143.93953122831806,0.05877067543323542,0.0,0.0,0.0,0.0,0.08370228836835601,0.036839827696317,1.816627133582204e-10,1.403429399971381e-05,3.233079234476903e-08,1.3466565626934097e-06,0.5862899887347403,4.375068519072077e-07,9.527741586402474e-10
144.53300893708214,0.05875546149909882,0.0,0.0,0.0,0.0,0.08333629772931314,0.036656881115975405,1.8168498034312963e-10,1.3974240908095278e-05,3.206783699602565e-08,1.3411045608268958e-06,0.5866560124392739,4.3533096943028664e-07,9.447842525583532e-10
145.12648664584623,0.05874037258091665,0.0,0.0,0.0,0.0,0.08297331587572469,0.036475438545028174,1.8170779609479927e-10,1.3914659161020742e-05,3.180789268339687e-08,1.3355939596057312e-06,0.5870190270989696,4.331730075406055e-07,9.368909930105087e-10
145.7199643546103,0.058725407345594255,0.0,0.0,0.0,0.0,0.08261330756536438,0.03629548236674263,1.817314102263021e-10,1.385554337473566e-05,3.1550914969260227e-08,1.330124327725206e-06,0.5873790679590047,4.310327544458728e-07,9.290928511234556e-10
146.3134420633744,0.05871056422613422,0.0,0.0,0.0,0.0,0.08225623820032042,0.036116995286376116,1.8175552322922548e-10,1.3796888398096658e-05,3.12968605097602e-08,1.3246951767315327e-06,0.587736169620155,4.289100047308303e-07,9.213883362090324e-10
146.90691977213848,0.058695841905025435,0.0,0.0,0.0,0.0,0.08190207381409223,0.035939960324821364,1.8178020664305772e-10,1.3738689141270097e-05,3.104568711675945e-08,1.3193061028711458e-06,0.5880903660517096,4.268045555193603e-07,9.137760016745388e-10
147.44104971002616,0.05868269389525928,0.0,0.0,0.0,0.0,0.08158578196340006,0.035781856594411396,1.818029394174679e-10,1.3686695285630994e-05,3.082205997731461e-08,1.3144898593873844e-06,0.5884066865310671,4.2492427797487513e-07,9.07002537068964e-10
147.97517964791385,0.05866964157477461,0.0,0.0,0.0,0.0,0.08127179195111499,0.03562490348931044,1.8182612967779856e-10,1.3635062845675957e-05,3.0600702795051556e-08,1.3097054310227816e-06,0.5887207049731319,4.2305770832348615e-07,9.003015577873904e-10
148.50930958580153,0.05865668394554663,0.0,0.0,0.0,0.0,0.08096007999338704,0.03546908912051744,1.8184977209638698e-10,1.3583788232573034e-05,3.038158609012313e-08,1.3049525171505468e-06,0.5890324451637281,4.2120470467386104e-07,8.936720566005093e-10
149.04343952368922,0.05864382004184833,0.0,0.0,0.0,0.0,0.08065062261844373,0.03531440175503072,1.818738886733999e-10,1.3532867904784443e-05,3.0164680900893645e-08,1.3002308243758625e-06,0.5893419305765748,4.193651268866925e-07,8.8711304588207e-10
149.83149255413116,0.05862500980360488,0.0,0.0,0.0,0.0,0.08019811869580222,0.03508821023992849,1.8191029391631514e-10,1.3458379854019098e-05,2.9848638099159714e-08,1.293320845838276e-06,0.5897944755142557,4.1667524682483206e-07,8.775625794811336e-10
150.61954558457307,0.05860639844442505,0.0,0.0,0.0,0.0,0.07975039902097515,0.03486441023681696,1.8194764268244887e-10,1.3384644372338236e-05,2.9537257382543423e-08,1.2864772516519746e-06,0.5902422357899827,4.140138554024515e-07,8.681603852390384e-10
151.407598615015,0.05858798297891364,0.0,0.0,0.0,0.0,0.0793073918477042,0.03464296588141167,1.819860004342593e-10,1.3311650598850728e-05,2.9230450894636995e-08,1.2796991407572069e-06,0.5906852831559829,4.113805243491543e-07,8.589034806484707e-10
152.1956516454569,0.05856976048526648,0.0,0.0,0.0,0.0,0.07886902680130797,0.03442384199504845,1.8202535616354601e-10,1.3239387883655782e-05,2.892813276345162e-08,1.2729856135954063e-06,0.5911236879927988,4.0877483380080574e-07,8.497889559933278e-10
152.98370467589882,0.05855172809021384,0.0,0.0,0.0,0.0,0.07843523485436368,0.034207004072519386,1.82065572811381e-10,1.3167845795225965e-05,2.8630219051639085e-08,1.2663357698821563e-06,0.5915575193336029,4.061963723730272e-07,8.408139717640736e-10
153.77175770634074,0.05853388298237229,0.0,0.0,0.0,0.0,0.07800594828798439,0.03399241826274214,1.8210667845650884e-10,1.3097014066283125e-05,2.8336627728325804e-08,1.2597487527075105e-06,0.5919868449029261,4.03644736023719e-07,8.319757583646447e-10
154.55981073678265,0.05851622239735685,0.0,0.0,0.0,0.0,0.07758110066917054,0.033780051357446716,1.8214884355243862e-10,1.3026882583987651e-05,2.8047278577178893e-08,1.2532237347996739e-06,0.5924117311393181,4.011195279115409e-07,8.232716129496117e-10
155.34786376722457,0.058498743628029024,0.0,0.0,0.0,0.0,0.07716062681669755,0.033569870774078185,1.8219194596987552e-10,1.2957441463818387e-05,2.7762093145679066e-08,1.2467598562855074e-06,0.5928322432294544,3.9862035954648484e-07,8.146988961948807e-10
156.13591679766648,0.05848144401314948,0.0,0.0,0.0,0.0,0.07674446278178289,0.03336184454612465,1.8223572390217353e-10,1.2888681043814779e-05,2.7480994793958986e-08,1.2403562663279193e-06,0.5932484451274505,3.9614685029287087e-07,8.062550335086956e-10
156.9239698281084,0.058464320946604274,0.0,0.0,0.0,0.0,0.0763325458075698,0.03315594130295862,1.822805270019527e-10,1.2820591727123247e-05,2.720390861975073e-08,1.2340122085799742e-06,0.5936603995954146,3.936986247924483e-07,7.979375148642126e-10
157.63321755550612,0.058449059018375736,0.0,0.0,0.0,0.0,0.07596540084187868,0.03297241807952723,1.823216808768277e-10,1.2759877372945452e-05,2.6957900753049034e-08,1.2283527867026556e-06,0.594027577993981,3.915165358299314e-07,7.90557739853491e-10
158.27154051016407,0.058435442261475457,0.0,0.0,0.0,0.0,0.07563783254306115,0.03280867789556301,1.823591945950647e-10,1.2705687203183401e-05,2.6739178137432084e-08,1.2232994799330042e-06,0.5943551761332405,3.895696947089844e-07,7.840002918564622e-10
158.90986346482202,0.05842193685676688,0.0,0.0,0.0,0.0,0.07531294294734404,0.0326462767185718,1.82397325222537e-10,1.265192093398588e-05,2.652295995016708e-08,1.2182838311651784e-06,0.5946800953361158,3.8763879950929855e-07,7.775214615811038e-10
159.54818641947998,0.05840854150783527,0.0,0.0,0.0,0.0,0.07499070088834243,0.032485198969234394,1.8243602581614855e-10,1.25985738110331e-05,2.6309209379159504e-08,1.213305429268528e-06,0.595002366771611,3.857236644852837e-07,7.711200223888763e-10
160.18650937413793,0.05839525493905774,0.0,0.0,0.0,0.0,0.07467107566536749,0.03232542930101952,1.8247526659132644e-10,1.254564115298692e-05,2.60978902997788e-08,1.2083638722879016e-06,0.5953220211429929,3.838241066187894e-07,7.647947719511901e-10
160.82483232879588,0.05838207589317679,0.0,0.0,0.0,0.0,0.07435403703472827,0.032166952595844275,1.8251506821420057e-10,1.2493118338248188e-05,2.5888967232379926e-08,1.203458769998758e-06,0.5956390886964937,3.8193994550508215e-07,7.585445312064713e-10
161.46315528345383,0.05836900313162231,0.0,0.0,0.0,0.0,0.07403955520140576,0.032009753959906094,1.8255541535252123e-10,1.244100081480575e-05,2.5682405322168798e-08,1.1985897329712375e-06,0.5959535992296383,3.800710035032985e-07,7.523681433588912e-10
162.10147823811178,0.05835603543415414,0.0,0.0,0.0,0.0,0.07372760081102527,0.0318538187196699,1.8259629701819456e-10,1.2389284097631777e-05,2.54781703327555e-08,1.1937563781039916e-06,0.5962655820992694,3.782171055906359e-07,7.462644735573028e-10
162.73980119276973,0.058343171598523466,0.0,0.0,0.0,0.0,0.0734181449420532,0.03169913241797222,1.8263771820093462e-10,1.2337963760974972e-05,2.5276228618824335e-08,1.1889583287975656e-06,0.5965750662293555,3.7637807930149625e-07,7.402324079772541e-10
164.01644710208566,0.05831775079083097,0.0,0.0,0.0,0.0,0.07280661518414927,0.031393449852259156,1.8272214691299913e-10,1.2236494839553525e-05,2.4879093346986548e-08,1.1794666594044995e-06,0.5971866518646478,3.7274396438966376e-07,7.283787373398213e-10
165.16542842047,0.05829521556738489,0.0,0.0,0.0,0.0,0.07226450178652179,0.031122466168668643,1.8279991605115443e-10,1.2146485303876965e-05,2.4529188895713643e-08,1.1710412132265923e-06,0.5977288148296318,3.695224432284116e-07,7.179445647484377e-10
166.31440973885432,0.058272998954254446,0.0,0.0,0.0,0.0,0.07173005278821902,0.0308553136946765,1.8287934984094477e-10,1.2057694020329526e-05,2.4186217531496368e-08,1.1627245086131888e-06,0.5982633127248603,3.663465376190796e-07,7.077259916967729e-10
167.46339105723865,0.058251094535663114,0.0,0.0,0.0,0.0,0.07120311419727755,0.03059191545354751,1.8296041733330985e-10,1.1970097347867039e-05,2.3850003175823254e-08,1.1545145186295791e-06,0.5987902995553067,3.632153295407764e-07,6.977172331648544e-10
168.61237237562298,0.058229496085449084,0.0,0.0,0.0,0.0,0.07068353598717218,0.03033219645079019,1.8304309421318904e-10,1.18836722279132e-05,2.3520375127780702e-08,1.1464092644621807e-06,0.5993099253601859,3.6012792464209425e-07,6.87912692760347e-10
169.7613536940073,0.0582081975228303,0.0,0.0,0.0,0.0,0.07017117197588986,0.03007608361370674,1.8312736045526606e-10,1.1798396168703489e-05,2.3197167890583248e-08,1.1384068139491104e-06,0.5998223363338883,3.57083451526518e-07,6.783069560810575e-10
170.91033501239164,0.05818719292832242,0.0,0.0,0.0,0.0,0.06966587970669375,0.02982350573178593,1.8321318786045045e-10,1.1714247232469769e-05,2.2880220983946193e-08,1.130505279514394e-06,0.6003276749452238,3.5408106106140416e-07,6.688947835623757e-10
173.2082976491603,0.05814604269644357,0.0,0.0,0.0,0.0,0.06867595855312636,0.029328678981969503,1.83389425483202e-10,1.1549245644196123e-05,2.226449027545037e-08,1.1149976290658643e-06,0.6013176869690532,3.4819923891960096e-07,6.506310078248127e-10
175.2764640222521,0.05810995646333306,0.0,0.0,0.0,0.0,0.06780785811772029,0.028894746246611758,1.835531559069029e-10,1.1404389633092225e-05,2.173022971394257e-08,1.1013678302478238e-06,0.6021858671815429,3.430414351747189e-07,6.348063913862868e-10
177.3446303953439,0.05807473716980465,0.0,0.0,0.0,0.0,0.06696061322355987,0.028471238572946086,1.83721579788643e-10,1.1262867859690445e-05,2.1213968108747156e-08,1.088037586809708e-06,0.603033190017889,3.3800772027625517e-07,6.195347579375987e-10
